group,permanent_variance,persistence,shock_variance,permanent_share
advantaged,0.042066763783461344,0.3663944125711726,0.3137289823151667,0.10401163173194505
advantaged,0.08418802889674465,0.41732667008923063,0.28684392348270804,0.19509437543903055
advantaged,0.06379323670372755,0.35817391508609053,0.32893667554052974,0.14461026498361595
advantaged,0.12081107588076437,0.2017418335753905,0.2612757537021638,0.3072729544683418
advantaged,0.055391221486357736,0.34919579077405694,0.3231244070237405,0.130828401813715
advantaged,0.07939304751411923,0.3377532017922825,0.2932484594857904,0.1934518542624281
advantaged,0.09784947182780546,0.32743938562979913,0.2859074046847115,0.23403802441427576
advantaged,0.07251473905011555,0.44328836257371246,0.3125951033415769,0.15710835349936153
advantaged,0.1104078633776448,0.18869365108040587,0.3436116373795485,0.23656854923582293
advantaged,0.12177081097226863,0.24347702237345892,0.28330144720494577,0.2879253097573707
advantaged,0.08502099890406054,0.31853804370412375,0.2967250055552342,0.20474479029175616
advantaged,0.06905005228402386,0.30724562632778707,0.3570185736028659,0.1490446665333393
advantaged,0.13059885311840286,0.2976654909123626,0.3073377843688078,0.2791673482135696
advantaged,0.11960451329985192,0.21810505986574144,0.2662013454788284,0.29968446574289265
advantaged,0.0175491760918949,0.432085162820551,0.3078413805256235,0.044309715850597946
advantaged,0.07492167635745614,0.3769519685937023,0.3460745386010081,0.15663649628581458
advantaged,0.07862067645502666,0.3777823970786039,0.28973430258812427,0.18872445167079302
advantaged,0.10342275861500219,0.28015497591551,0.30159773629025266,0.24012263637978903
advantaged,0.10663376247501999,0.267125968571181,0.2775792620380419,0.2629413500127847
advantaged,0.09046118376475182,0.21496127183653863,0.251435255703893,0.2554839729406837
advantaged,0.09418209650025194,0.25406253564931924,0.2609140246971653,0.25243149511543395
advantaged,0.11532831206035114,0.23847214612072576,0.3256908430610018,0.25035577917859514
advantaged,0.06578950071947659,0.4095475741607352,0.2989273984079266,0.15481327105614046
advantaged,0.06406824760209709,0.3317386729386606,0.30601436152941286,0.157059221638577
advantaged,0.08401254626125614,0.34316224100207554,0.30532576180012994,0.19533584252710784
advantaged,0.004813283912506084,0.5115899284927585,0.3346564342090649,0.010506877782173603
advantaged,0.07413501036248224,0.44804487168074614,0.2788265461923435,0.17526308768873733
advantaged,0.022864195092583264,0.4504147485470883,0.34525058984663326,0.050142635746806774
advantaged,1.3561297724546837e-14,0.5266256462523957,0.35520784765699376,2.7590271720085235e-14
advantaged,0.07128621433103674,0.27995484056220354,0.3238049821154082,0.16867387958219845
advantaged,0.07712920255209799,0.44050955976690215,0.3306627498053394,0.15824441457964966
advantaged,0.07479275738286327,0.3429117864184552,0.27892028937166896,0.19134384500008111
advantaged,0.11291431719806994,0.2145295137397343,0.3304408984502083,0.24584175427697585
advantaged,0.044799423028175606,0.3704645906688818,0.3125946701978315,0.11003971569538593
advantaged,0.06438630631961594,0.3213807044475864,0.3049573919938554,0.15918710196921856
advantaged,0.0968105930808229,0.2883345860660743,0.2916677046064582,0.23332050634309665
advantaged,0.10939922362652457,0.1881359435839845,0.31426849258151224,0.251377205038058
advantaged,0.05447423359183953,0.446088026009415,0.3175627603605392,0.12080435042108134
advantaged,0.1089953832836923,0.29097413525044125,0.2924937740073731,0.25433881037162454
advantaged,0.04449069422346992,0.4327728245480342,0.31611155237483246,0.10264280870392915
advantaged,0.07252315857314287,0.2958913737304496,0.317012164733383,0.172693332796512
advantaged,0.09075244567750744,0.3337713470485535,0.2674741568268026,0.2316532752738821
advantaged,0.06316214240800103,0.42059902707822033,0.26915010566162856,0.16188813497577806
advantaged,0.07868727089180627,0.39241234289667215,0.3116753311451039,0.175997797545045
advantaged,0.06162426427514198,0.3833616823347239,0.31272314029389886,0.14390615047632738
advantaged,0.08585122428540924,0.323378670632495,0.33364091659430556,0.18726126772078266
advantaged,0.004510553069804888,0.5336242402908002,0.3007617009177165,0.010612763880125359
advantaged,0.08486850486926326,0.25235052318790885,0.32118033251788336,0.19834053036650928
advantaged,0.06503374147228798,0.3090351337977475,0.33327450463077757,0.1500210166451754
advantaged,0.05758119329112979,0.36013927058433404,0.3569298856495944,0.12311456655375214
advantaged,0.09735197175275376,0.3263191696103853,0.284961909250217,0.2338651026907094
advantaged,0.10566832328454523,0.27820321910804924,0.265620487547497,0.26848558941039286
advantaged,0.0830001410034659,0.3543946706020076,0.2830009357653206,0.20410703262026564
advantaged,0.05027659944410583,0.3393977789221615,0.29290193434575534,0.1318520809445118
advantaged,0.1176302850358352,0.25187350663576674,0.304254983436038,0.265834302945826
advantaged,0.07544262154969875,0.34400313772285634,0.2876018716103034,0.1878331940065162
advantaged,0.006805096200757671,0.455310011434392,0.32395518133571055,0.016378801827056477
advantaged,0.14313142199630757,0.154585189965882,0.30127695355950995,0.3168137518430446
advantaged,0.09099563522399379,0.30725190520763956,0.31763143632466895,0.2059943462970164
advantaged,0.07716290150764385,0.3859977599885418,0.32544642768963106,0.16789560918059593
advantaged,0.09969392840380403,0.33247019872973305,0.2837232551286105,0.23811692498402956
advantaged,0.12733537626677008,0.26516740787146603,0.3298353478454598,0.26411731327176174
advantaged,0.07481390166316973,0.3666566278194878,0.30607056110651687,0.17462641973164497
advantaged,0.09902301628993657,0.36905905779380377,0.3036924609318463,0.21975707756237448
advantaged,0.08485239056987487,0.30887874363689927,0.3108165500975566,0.1980449008945412
advantaged,0.1338230481875943,0.2626672375936506,0.3453077128092779,0.26514288885034476
advantaged,0.12797119666209594,0.2610110674106334,0.31836574017583497,0.27250421240766504
advantaged,0.09518701310110712,0.3977326450926226,0.3130934248461341,0.20377578143253283
advantaged,0.07880021576906986,0.3615519412753549,0.2744811998515345,0.1997181575696767
advantaged,0.05386979904424792,0.36292788948291993,0.30778064987153875,0.13192385583152108
advantaged,0.037736197215739425,0.4377492818532096,0.2955479161889157,0.09355848828700279
advantaged,0.12185226661513668,0.22759572370555464,0.3321970212186316,0.25805383120593345
advantaged,0.08521671787857299,0.3465510483520815,0.32816506090964714,0.18599247382223028
advantaged,0.1088643865324592,0.11620860307083847,0.2754446930730863,0.28052067441133655
advantaged,0.07572878652500337,0.34255259813030003,0.2893795007521668,0.1876430410238237
advantaged,0.07221318628369083,0.36628549157616447,0.3114541601670857,0.16718779167334177
advantaged,0.09236992526008506,0.36373991837561315,0.31623096613011414,0.20220197159688277
advantaged,0.06918824518698025,0.3441324755426003,0.352540607335563,0.1474952910968919
advantaged,0.07067406222470396,0.380103162570414,0.3248368964883871,0.1569249231201834
advantaged,0.060814146714448354,0.38803582277726456,0.33758988405259704,0.13271067790981486
advantaged,0.0660357877966467,0.40509374916101404,0.31109498109758305,0.15069648250176007
advantaged,2.2015706697734777e-12,0.4900234864500629,0.3896390652105067,4.29351938029481e-12
advantaged,0.03979249310388952,0.401118805725398,0.37396986310455116,0.08196690210232734
advantaged,0.07498269359963888,0.2918867181113591,0.3086742149414071,0.18181830947892091
advantaged,0.08002303568430386,0.33447357689745905,0.308427009095811,0.18727560109165786
advantaged,0.1197965366598969,0.25130532985434206,0.30291588187785523,0.2703402198280228
advantaged,0.09430460940139529,0.33002994503584904,0.31064529550094555,0.212915126405072
advantaged,0.05663341697790721,0.3723065143260929,0.3482524399253153,0.1228688711569585
advantaged,0.1000845551685493,0.2885981504352396,0.3255478892687586,0.21986434256989212
advantaged,0.06406601867909746,0.4384267313203941,0.3121393917784998,0.14221678935791057
advantaged,0.06029748473297586,0.3726641458536103,0.31106961864262617,0.14304255395790313
advantaged,0.06343885269175814,0.31996327424227167,0.37209348669109915,0.13272541379452135
advantaged,0.05603891196453544,0.3572498295540275,0.3412700184109404,0.12530040642405255
advantaged,0.0896323646811755,0.2900145626487821,0.33304370918578136,0.19775033127191458
advantaged,0.07264344636163594,0.3517559831495891,0.3088960851317879,0.17086271347886292
advantaged,0.07180049717259379,0.37866930846863245,0.29273459334181057,0.1736254063018962
advantaged,0.07564473529486496,0.3592272233379141,0.321149046953299,0.17022668789018836
advantaged,0.08143559322136204,0.3027219453519042,0.2750896444547266,0.2119185038099422
advantaged,0.028790155619744174,0.3432683143979987,0.3908384948659887,0.0610175672366735
advantaged,0.10169499247044597,0.26860826901218066,0.3113278223365198,0.23258820556564122
advantaged,0.0732665758814565,0.3973338508118391,0.30222356003191825,0.1695403556468549
advantaged,0.09371819449050967,0.2656203246073551,0.29861820934507544,0.22582453286911505
advantaged,0.08586902474170602,0.33202098424837223,0.33046043473795716,0.1877853701664856
advantaged,0.04879349308839089,0.3742153050847781,0.3362855383338125,0.11093462824002961
advantaged,0.07245846309877174,0.3560408493083896,0.3166661361717475,0.1665351380824934
advantaged,0.10199151019542729,0.3217341179587194,0.33607593972714644,0.2138758743245453
advantaged,0.1192803446237273,0.27921072628393995,0.3236520130625443,0.2536276171288969
advantaged,0.10899308436053991,0.23029073883350817,0.31659600087631956,0.2458566205256096
advantaged,0.062040275223317,0.3392562966336464,0.3201291384810297,0.14638807894074055
advantaged,0.10298562491837088,0.276069323417298,0.31298449751996726,0.23310884771761625
advantaged,0.08378624396354409,0.3211876664649157,0.33708542875578407,0.18228431684553234
advantaged,0.0548492871469759,0.3378591319662585,0.31911233287579066,0.13214093727648119
advantaged,0.08620276041573219,0.19724522148640145,0.37191647766001834,0.18217958635955134
advantaged,0.11137129660956077,0.24282075711413803,0.31903420418787076,0.2472747242313394
advantaged,0.07464976047118754,0.28614634445484727,0.31802539377925776,0.17729964960171724
advantaged,0.09262808656905883,0.2967279240258679,0.27749503415848614,0.23337020514624165
advantaged,0.1495649845756578,0.23839869943246456,0.291158396505649,0.3263699820434414
advantaged,0.08207746973572982,0.3565104320075383,0.32066651749447384,0.18262366448521636
advantaged,0.0417863573006349,0.44591820708177554,0.30211168705175784,0.09975719982136587
advantaged,0.023892000751406604,0.47541550803920213,0.33865623036537873,0.05177664314452028
advantaged,0.05686136281838107,0.3341823963798717,0.33919127586912967,0.12961479323870864
advantaged,0.062201505804809584,0.40750095275845155,0.2952466233562764,0.14943719292784188
advantaged,0.048624940839286084,0.4077577019864287,0.3504733668465062,0.10367989247389617
advantaged,0.10369939622306715,0.3218698021465406,0.30040584573900236,0.23631191881262628
advantaged,0.0774152703776991,0.42308278266608235,0.3032281693920066,0.17328354933054127
advantaged,0.117398073605673,0.3034831682800205,0.2599229746739429,0.2908131400086647
advantaged,0.12088860602887835,0.2024793412958477,0.2946838710199185,0.28233762033234805
advantaged,0.08632109926213857,0.34115056085385986,0.2940218380180205,0.20598281622037945
advantaged,0.09656720292536253,0.2706795495073451,0.3506026503826629,0.2033471177489999
advantaged,0.08322197707928063,0.34475457255784847,0.3030559045255422,0.19482785522932033
advantaged,0.10275526671778058,0.2332000338072941,0.3040668390317911,0.24217088585824786
advantaged,0.10484596037757343,0.25073051847220357,0.30573661376566436,0.2432099994633834
advantaged,0.05337336524743516,0.41564712082648736,0.34180537611411915,0.11439707906136598
advantaged,0.09749106095580105,0.2682653716933371,0.3189805368012374,0.22096414227494185
advantaged,0.0656442651800497,0.40272901887706725,0.3332793690703387,0.14164478991451823
advantaged,0.078034070797495,0.3217297441537874,0.3412965280854773,0.17010626692258657
advantaged,0.10862611122809296,0.1574014602323381,0.30060185684910185,0.260578853127526
advantaged,0.0720093036239629,0.3799335240168226,0.302375619386283,0.16927587917819803
advantaged,0.06934561065210318,0.36724148171893156,0.33634559880973136,0.1513685281715963
advantaged,0.07459286483471282,0.32462712418814643,0.3324378762265815,0.1671770735247179
advantaged,0.044905688717263054,0.42261397594972816,0.28944893442428543,0.113029526321826
advantaged,0.10381113758413425,0.3071446970684285,0.27493207374483225,0.2548254356258992
advantaged,0.1279876776979713,0.23844790092142615,0.28278422183836516,0.2991627528801732
advantaged,0.10613196621995932,0.19483683313558997,0.295674222479551,0.25668396962606255
advantaged,0.10967747749978192,0.2777821169199979,0.3079495110345454,0.24736891737776545
advantaged,0.043011491838282956,0.38635337031416905,0.34097805171613116,0.0969125828568066
advantaged,0.10152816818777488,0.29161271309938375,0.26725314545693146,0.25793432396795135
advantaged,0.12645565056571187,0.24295648639828363,0.33168809976108876,0.2640263998637738
advantaged,0.05606786938448327,0.39432193351776373,0.33795633373357337,0.12288897919162174
advantaged,0.13386847621699344,0.17379027822304643,0.27607252421329725,0.3198471398938756
advantaged,0.11075862938251255,0.3005693373450051,0.32093089517771467,0.23892922276021997
advantaged,0.07734536496628835,0.3358153949912321,0.3066956724470427,0.1828392367658483
advantaged,0.07648221744592247,0.3697077921834676,0.2745265811316139,0.19388454129303043
advantaged,0.10039494437129817,0.3318578520357949,0.3520232394751842,0.20241557153883968
advantaged,0.0948817004019307,0.3373935961316422,0.2802799055434776,0.23076273600176495
advantaged,0.08193665768875093,0.3514010155460443,0.2891701726273375,0.19895034377163584
advantaged,0.05273250193113787,0.2711976624773535,0.3596299730632393,0.11959859220124766
advantaged,0.09900800393031042,0.25088504217754215,0.2762377026274189,0.2514163672809363
advantaged,0.08196741976387001,0.31932596765478005,0.29444202090480076,0.19999733227934702
advantaged,0.065076539327581,0.38814889826507537,0.3184635381034943,0.14789098257041694
advantaged,0.10249851734719138,0.3330750317537305,0.2980594393836511,0.23414827762380175
advantaged,0.04764966992416414,0.46619872345848157,0.2982524371982442,0.11114257284769334
advantaged,1.3808981326412554e-12,0.46897183438432843,0.33568270357062135,3.2089555653540958e-12
advantaged,0.08619371443249357,0.2418981163769312,0.31869869059825195,0.20295200091854337
advantaged,0.11571518792039931,0.31692845603385356,0.2751962075213693,0.2744410166163951
advantaged,0.10671955941061764,0.30727258962476844,0.32838751519324827,0.22737983723982227
advantaged,0.03677531319122513,0.4590799106615746,0.27370940517583975,0.09587538907543697
advantaged,0.03234137158896336,0.43116443294371876,0.3483324443029038,0.07027416351715007
advantaged,0.10398676345299546,0.24036785764398097,0.3144522581576318,0.23756397697639917
advantaged,0.05241091655456956,0.3797879593428519,0.31852850090723717,0.12342797588952012
advantaged,0.10323035127647337,0.2710862894567134,0.30699037083591774,0.23754588761361178
advantaged,0.11104859250512863,0.23752912192657039,0.3188851496507616,0.24732368220301004
advantaged,0.027116969040391514,0.4478229316424045,0.3510733031325602,0.05815872492663171
advantaged,0.0786274868403484,0.30494353526789253,0.3164058288595224,0.18393572637321282
advantaged,0.0904197717317447,0.3635450400913128,0.3377087412661268,0.18854770846554406
advantaged,0.05664721829713565,0.35537712558013135,0.3471484520679401,0.12478037005187675
advantaged,0.06392547825157746,0.3797756946540539,0.37200905002554785,0.12820169639857282
advantaged,0.07128969851672298,0.37465340760149957,0.32211240658058105,0.15984304773292982
advantaged,0.07728930422379213,0.31348493891064677,0.32438885121232486,0.17685085914535406
advantaged,0.07603297732546155,0.3423747864589388,0.2984834212299692,0.18358769426250418
advantaged,0.1267412941677661,0.1498865938912854,0.2796969631852688,0.30697899505961057
advantaged,0.11547877012972745,0.298025575657796,0.3131195529447151,0.25152181042624666
advantaged,0.056098624460270564,0.40746489601750757,0.32431882262565526,0.1260691398140523
advantaged,0.09718514170122988,0.2298154593431052,0.32421353403205067,0.22113824399519474
advantaged,0.07860156206206041,0.34127142308935277,0.3283804602585171,0.1745659133492413
advantaged,0.06267792515346153,0.3843601317109067,0.35491130962001494,0.13082161608554807
advantaged,0.09525259809244868,0.27530901041053224,0.3094820109193763,0.2214581519625549
advantaged,0.07837229442676723,0.31731115546620803,0.3163201057249689,0.18221567083989795
advantaged,0.08414556774021434,0.26693867688592815,0.3291042348533483,0.19189421803466913
advantaged,0.07676900445661156,0.4000390271934266,0.3224991304132413,0.16663165364762947
advantaged,0.0747465399725809,0.3289655410645962,0.33671272940605,0.1652516075416539
advantaged,0.07244534262156477,0.3532185910661766,0.37168282759569116,0.14573276577500305
advantaged,0.07015348643024624,0.3638503087454158,0.311964929559709,0.16325378793925543
advantaged,0.10012191076141538,0.30726249057296434,0.28976817321534254,0.23832920067183683
advantaged,0.13321754077297762,0.17455836522709273,0.2847028675624652,0.3120812567581997
advantaged,0.09962070388787503,0.20764625021260208,0.29584438634935173,0.2436930820843733
advantaged,0.04461513552337734,0.4204874108914809,0.34587232828087755,0.09599277858241272
advantaged,5.773018365902934e-14,0.5127668215434922,0.33528070142320066,1.2691215768922981e-13
advantaged,0.09156094323091327,0.370509683127876,0.29577831748913963,0.21077378269889788
advantaged,0.12000428812168606,0.22424562190074082,0.3180234785152932,0.2638229851038412
advantaged,0.08005004484205305,0.38336393210972597,0.3232261558750531,0.1744144746949566
advantaged,0.07682384143561799,0.3651706152866726,0.2959412777457937,0.1836568670113343
advantaged,0.06652530223089342,0.35133480407356665,0.2936482542684722,0.16568176979203636
advantaged,0.07820386425858195,0.3379699483236167,0.3315858544264253,0.1728075927549094
advantaged,0.07685752846178787,0.3688362642115339,0.2873798207979851,0.1876915273480878
advantaged,0.05793294351813866,0.3800899283866013,0.3737870459299994,0.11707430388011726
advantaged,0.10394263245877947,0.14932372152332818,0.3271243518704403,0.23702653320291525
advantaged,0.09967959851488853,0.28709942901655866,0.32202946478169303,0.2211970449494632
advantaged,0.07007946205377769,0.37821686498538404,0.2742727602931269,0.1796284665676759
advantaged,0.11759641296830112,0.30136769426332877,0.32123906612568054,0.24971329118886304
advantaged,0.050437155382993426,0.2806099181772596,0.30856773781652913,0.13087681317635566
advantaged,0.06891012543823533,0.2992040052418573,0.3391868473597204,0.1561003284484089
advantaged,0.07846724110849523,0.2836967070711075,0.3464235422698969,0.17237489539091821
advantaged,0.10595271992874784,0.26369058096450515,0.33337205480710475,0.22822966953931834
advantaged,0.06671881989956496,0.37503221569538076,0.2716976959493286,0.17425288259976343
advantaged,0.08940630946197403,0.34168669827111675,0.343894775249565,0.18674643187857107
advantaged,0.08493460141078388,0.3481524590226594,0.3383751742734118,0.18071909162735345
advantaged,0.07127957645301235,0.36692532563896496,0.34011804600386253,0.15351608167746744
advantaged,0.1022202232788118,0.30518411802482814,0.26662185408201033,0.2579853648144978
advantaged,0.0770239761737779,0.3334250424513908,0.3319233740384005,0.17098828824456466
advantaged,0.06941845718167756,0.3879723874726473,0.3451159347693915,0.1459330628565041
advantaged,0.06771836685879651,0.381225816050004,0.2994199054042316,0.16198489754261045
advantaged,0.09065184832356052,0.3903310657255308,0.2916231191379958,0.2085425109958299
advantaged,0.029372262477843556,0.46768269140410723,0.3168283867533438,0.06753785809658865
advantaged,0.07774753202965964,0.2706006965675455,0.3167850018922036,0.18530651091481565
advantaged,0.08382571696524561,0.3972614673430058,0.32363625169248167,0.1790734005859657
advantaged,0.13713167928117498,0.16748634079959807,0.2828555917694283,0.32028823621399743
advantaged,0.10195760349141467,0.23138964799879952,0.30206850938222674,0.24211394758165974
advantaged,0.0742076493715351,0.26017763192331234,0.3685401980383426,0.15805454576494157
advantaged,0.07962164762980758,0.322592374842425,0.26645761940559876,0.21118162636323642
advantaged,0.06532397202576912,0.3959884940824704,0.3329369945532362,0.14195414477981008
advantaged,0.09214149130937346,0.26857722329741474,0.3288202554766261,0.20635249328325572
advantaged,0.08145100302079061,0.31501530825719937,0.34805554686706713,0.1740961086867453
advantaged,0.09335252928186363,0.35440837833915073,0.31744463170226966,0.20454214051149758
advantaged,0.082598849536239,0.30582047570044474,0.30746454394847655,0.19583104228169684
advantaged,0.10041059804560479,0.30380726190510493,0.3112093470215496,0.22652497902048016
advantaged,0.08969799868282491,0.32362758968463146,0.2899314634576572,0.21689873778846033
advantaged,0.12479662770857733,0.18847864661815134,0.3060283626536987,0.2822834735024405
advantaged,0.08765999525843932,0.3080396146854696,0.3576964555609472,0.18154481142196105
advantaged,0.08840793262079091,0.20620790173926465,0.3087244983822743,0.215186704153146
advantaged,0.06636004784111454,0.34058610070975204,0.3202435887557809,0.1548203628332572
advantaged,0.09175830424132012,0.22023215622987163,0.31768117938740403,0.2155807282769383
advantaged,0.08363077272356087,0.38001417382318947,0.3104300749568577,0.18732106929915537
advantaged,0.07163594643066766,0.36654855332789116,0.31263560307153193,0.1655188622726149
advantaged,0.07152421989303183,0.3067088890327898,0.31763855934159446,0.16943010338872527
advantaged,0.07881842318462186,0.332624105267729,0.29829044807808736,0.19028294470213825
advantaged,0.14039935436730228,0.19912740015272995,0.2678552152548327,0.33483105494535503
advantaged,0.07643261069968699,0.39081845691508754,0.270944337368596,0.19290391358547251
advantaged,0.09379825098223166,0.39495894557723127,0.2828087281881152,0.21870678436942848
advantaged,0.04850662994755976,0.3237097410939965,0.3391272285417454,0.11351093976474101
advantaged,0.14595495780551299,0.20995949257920704,0.28104627435382645,0.3317445102133567
advantaged,0.07017695864958891,0.3052265444918576,0.236914923769716,0.21173916187575956
advantaged,0.13711434846435894,0.319758929811751,0.29555922490479214,0.2940254336771497
advantaged,0.07849948680364709,0.30526192331302676,0.3087278371859792,0.18737090896082606
advantaged,0.11042058669917955,0.28956010573084945,0.3390394042423365,0.22980908588843552
advantaged,0.04059978591733757,0.43020680756726937,0.28727222130988384,0.10327719260112776
advantaged,0.048135529531796936,0.46997798994555556,0.3352940464709161,0.10059990646984782
advantaged,0.04607063203086389,0.4455748337368983,0.3128560454297954,0.10556325338344479
advantaged,0.07050213013385166,0.3159958198474563,0.30450471193132794,0.17246726273833335
advantaged,0.04644618809904148,0.4468370728257103,0.2937107007128035,0.1123434975560341
advantaged,0.1097810880082595,0.26195756487145394,0.28333867308808625,0.2651745985307429
advantaged,0.09743897927971411,0.38022304916950656,0.2846028844726722,0.2265283353518326
advantaged,0.08633951151388097,0.3416004546052366,0.31272729592499415,0.19605679018063313
advantaged,0.05060574258004901,0.36886479022494567,0.33408460675916235,0.11572180864764756
advantaged,0.0806816808076563,0.4602875838995389,0.3021291491403385,0.17387226576000095
advantaged,0.06268638059075438,0.3707656610203839,0.354050863713944,0.1324832669331403
advantaged,0.07787372762244113,0.3376836042081125,0.3174046036249787,0.17855605607895222
advantaged,0.09426784562111554,0.35546153804425595,0.2862493405690731,0.22342770189113575
advantaged,0.037465381817109816,0.43107744235251866,0.3228266335420247,0.08633085723800918
advantaged,0.04550336036513193,0.4270624065953228,0.304136580887424,0.10899470061413057
advantaged,0.10317427098028395,0.30555360288170386,0.33659174091568844,0.21747118805712723
advantaged,0.06831194951514286,0.3431252761530914,0.3359725120730458,0.15210220552721174
advantaged,0.09198086059825103,0.3805700956362852,0.29455493630452956,0.21076103083941963
advantaged,0.08353633446975411,0.20756403410734864,0.34231020726866146,0.189313948630678
advantaged,0.11531084133469645,0.3115925703949247,0.26688451363017485,0.2806344112310527
advantaged,0.07188686997911942,0.280148318259477,0.2706674239335059,0.19662371815074678
advantaged,0.11142192645183469,0.3165703602954417,0.3221393833288787,0.23735031763107928
advantaged,0.09896939081159864,0.21691766447230393,0.32564748107570995,0.22457507494374834
advantaged,0.051645623526225246,0.44557941176675253,0.2863408558092071,0.1262975849801212
advantaged,0.06005870591128748,0.36172518547563226,0.32143907393536597,0.1397077478347027
advantaged,0.0599557755732224,0.43483335326009487,0.28841941967991447,0.14425443416748374
advantaged,0.10313630481671608,0.39900522902826474,0.30254790340710613,0.22277012014908779
advantaged,0.07136479566387319,0.3240443491938892,0.2913398765228451,0.17981185372727893
advantaged,0.08347796141111744,0.3072661794870378,0.35444919251895823,0.17578732226064225
advantaged,0.07577490305715492,0.4305961500973181,0.30386079295487467,0.1688391807709364
advantaged,0.10123429840784143,0.21262965307482085,0.290833551422114,0.24944419342930074
advantaged,0.09235818888870465,0.26843865024911884,0.34921321572358494,0.19705620063871768
advantaged,0.06247343535468004,0.36631461519837905,0.31557194323823334,0.14632368815090885
advantaged,0.09853034551280707,0.24451700232303003,0.2860487850078456,0.24463231661749116
advantaged,0.056762248691171704,0.3666796506827538,0.2991559011441155,0.14106310708986078
advantaged,0.06939443157048661,0.32810766102702804,0.33445472815121624,0.15622389947789841
advantaged,0.052387890246394564,0.3847452213662863,0.31235102430321693,0.12502792857127282
advantaged,0.026243933928035826,0.5008276165702267,0.25947032989808994,0.0704370863387296
advantaged,0.03257118925469495,0.4539753815639559,0.2937406872852398,0.080909079867755
advantaged,0.10122168451915631,0.33602637209210684,0.30745494834060216,0.2260364356486833
advantaged,0.11452717797459724,0.21706332901811495,0.3371635654678439,0.24452694111999734
advantaged,0.060915599737938045,0.375424267650388,0.2815575450540898,0.15672928778739126
advantaged,0.05193319862147862,0.3356898888858719,0.3004587330936629,0.13297456533675378
advantaged,2.6183793257580282e-12,0.4852975259805162,0.32076537218956747,6.240434054950721e-12
advantaged,0.09824286573926332,0.3092158442061861,0.3150619255033999,0.21997259610101222
advantaged,0.07036718133990011,0.2772744050134214,0.3131855066338416,0.17177975737104795
advantaged,0.07693557556614997,0.31573797506980983,0.3325560898713092,0.17237942531014513
advantaged,0.06889575334986332,0.3559011421519958,0.3299440333723525,0.15423485011432705
advantaged,0.08205097754896268,0.34439665279946335,0.3201303837179815,0.18427596976828534
advantaged,0.09776956171636202,0.35413669656302876,0.27823941728524293,0.2350752238383167
advantaged,0.08551564701243763,0.3582712868801995,0.320454368784054,0.18870950260223593
advantaged,0.00743702072643568,0.4840017721334093,0.3328442685623598,0.01682181194594638
advantaged,0.04727755436951775,0.3358697897023373,0.36222241847797043,0.10377957305689965
advantaged,0.03599170873110939,0.32951587963975393,0.39350708550126895,0.0753862727112609
advantaged,0.07085179686180001,0.32745591577561545,0.3172789541386967,0.1662259558312556
advantaged,0.04370457851609658,0.46393504389129847,0.32304988990748906,0.09597877256233975
advantaged,0.10358888320542661,0.32262079026783896,0.29074685557052793,0.24196586184639227
advantaged,0.06593959860295509,0.39339368342754394,0.31056487599428717,0.15215647426392465
advantaged,0.08485663203979987,0.3784206749064384,0.292652643222987,0.19899674018786845
advantaged,0.0833457724949737,0.3246927729763175,0.3294983666473016,0.1845258010745377
advantaged,0.06413142317646411,0.37365134092302144,0.33642618652520234,0.1409018053666074
advantaged,0.09686278908690446,0.166609944725715,0.30600314424605546,0.23533075673081802
advantaged,0.08077160086087168,0.3729919819751012,0.2866485132351802,0.19522107046027956
advantaged,0.08422808819339325,0.23503356441123646,0.3218419629175564,0.19823579564629942
advantaged,0.09425647108216743,0.19535938261313923,0.34838700115685817,0.2064911543691556
advantaged,0.07343565302141336,0.3444379492888649,0.3395607794813189,0.1600938870334133
advantaged,0.03580315513880061,0.42351954662171365,0.3155908211214644,0.08516976837558185
advantaged,0.048842159239235974,0.4319848438398656,0.34676855595081135,0.10278930562139632
advantaged,0.11455132510317334,0.30517407806356067,0.3033418067613553,0.2550999194572881
advantaged,0.05621810455653272,0.3677946582946491,0.33449187048038,0.12689287274780237
advantaged,0.11166926981353999,0.2643104549803378,0.3080261679047192,0.25217166824858767
advantaged,0.1373586072491088,0.29904817419433194,0.2829783575405176,0.3065156972074727
advantaged,0.07926683845945146,0.23466563799977808,0.2867700542389597,0.2070987263416681
advantaged,0.06977621173852394,0.29307419893995895,0.33270977819414393,0.16086791355348498
advantaged,0.08472555016885314,0.34462173788877604,0.31256490474288395,0.1928145021941986
advantaged,0.04686128836145179,0.4010161284680956,0.3560473577798293,0.09946397505799011
advantaged,0.07318167977119011,0.3169992060402177,0.3257189082661017,0.16812239167438695
advantaged,0.061460126576865726,0.38141699461675416,0.2934138765838947,0.15181840491049017
advantaged,0.0776504897046631,0.34002013293388544,0.2883839485705484,0.19233073184248678
advantaged,0.043765200628955434,0.423721640812211,0.36414083269063013,0.08975812110790546
advantaged,0.04659258932589899,0.3363815489133385,0.41930545334930064,0.08970514400110548
advantaged,0.10811214920104126,0.30466382219500177,0.2677653777464284,0.2680857490216024
advantaged,0.09192131550505614,0.261432838066201,0.3448925388096695,0.1989141282979041
advantaged,0.06934060941832543,0.3960492938954164,0.2968745040417412,0.16453087410393966
advantaged,0.023207792621054185,0.38071467540940584,0.3777473017154974,0.04991047723896576
advantaged,0.053011629928124734,0.349437580273228,0.31478695246323,0.12879953777863296
advantaged,0.019897706370095525,0.49973435641856256,0.2969700602922405,0.04786351367178619
advantaged,0.08096815649529499,0.2813257421413808,0.3493002710615779,0.17590702411793757
advantaged,0.12378350844238162,0.25264976033617226,0.31111128132316046,0.2713909801341287
advantaged,0.10063546935745482,0.3238914648084241,0.2996103554839675,0.23115441065351902
advantaged,0.06742955400855408,0.36071946305862546,0.31297383180522526,0.15783384095289543
advantaged,0.0909839991598698,0.3518354458751385,0.281460394875376,0.22072343748355855
advantaged,0.052608677837159876,0.4225473337560503,0.3384722569525537,0.11322235021834741
advantaged,0.06409404555152047,0.30079953633665263,0.3095976240321383,0.15845608781997741
advantaged,0.10883887067643389,0.29675813452727223,0.29883332074499624,0.2493270811746654
advantaged,0.05160752007746823,0.35132442766832805,0.3345457461128799,0.11911437401655926
advantaged,0.06593082139438382,0.40648637866609816,0.2962852819207632,0.15665671656174343
advantaged,0.011998705711547677,0.5327755680151369,0.31844695052498884,0.026274706450927058
advantaged,0.06556972206477635,0.34606725840314884,0.3004359200309392,0.16115165886051247
advantaged,0.09439209278782054,0.213379938055342,0.2998256831637598,0.23105848468015652
advantaged,0.06952355003167482,0.3345977627583028,0.32871750939721744,0.15812218800884303
advantaged,0.10078143073972898,0.30624879737519844,0.28750540222003806,0.24107956939478364
advantaged,0.1476881233705613,0.1707801958548868,0.2991730228703664,0.3239848007088287
advantaged,0.0429570528497441,0.3589312867560403,0.3173979262488794,0.10546966044308978
advantaged,0.04708772619171596,0.43569174872765165,0.3295318918792137,0.10375619557821801
advantaged,0.10555705287359551,0.2622917832673871,0.3162900991680816,0.23709254298981725
advantaged,0.10489146040086061,0.2400602924762174,0.3199005568854247,0.23605332397952322
advantaged,0.05713900902054918,0.4837858943892916,0.278575914993377,0.13577425910727403
advantaged,0.14084671261426812,0.15818548655902998,0.2919643656882832,0.31988493540735147
advantaged,0.04042513458301346,0.45381732058732693,0.3101267158589295,0.09379633535594253
advantaged,0.06054256924282635,0.3954099518227574,0.2918670959144314,0.14893630790155835
advantaged,0.11980318984693462,0.30653741575103777,0.29045950617901917,0.27204110444398427
advantaged,0.11232863037245847,0.3148523530328153,0.27351114880086913,0.2700615833321784
advantaged,0.1309718449281841,0.27000922262515775,0.3512498229129811,0.2568864775002789
advantaged,0.05037059567244571,0.4679769959466374,0.31217056804353993,0.11191523547011854
advantaged,0.10852849801762175,0.3471266825349582,0.30885305813794817,0.2360874451027538
advantaged,0.10625428859179736,0.28334950830125816,0.29403995129633476,0.24944508483239486
advantaged,0.08797957843332932,0.38656754213465794,0.3094065819987778,0.19475483039613006
advantaged,0.12066436276010908,0.3339916264941114,0.32131662128023664,0.2501726817053348
advantaged,0.07656250794126952,0.2851334857094151,0.3368649923713374,0.17273426653010135
advantaged,0.09733107098897277,0.3488467023637828,0.323231568942269,0.20915754908729284
advantaged,0.0831209673788143,0.37223514303562893,0.31551863532575153,0.18496424101820938
advantaged,0.09899536627334046,0.20777246972017221,0.33393442333931445,0.22097380502881714
advantaged,0.05494223693118047,0.2940888074732083,0.3067083503192798,0.14062919249826572
advantaged,0.06557203808602893,0.35288885262027275,0.3277308931918938,0.14905419460970298
advantaged,0.10230814262910745,0.2254523342766659,0.2850461809199464,0.25410675951722
advantaged,0.08528439407203786,0.3675021720329278,0.2940716157959935,0.20053972398208605
advantaged,0.06080867978256815,0.4408877535130359,0.3192847185824285,0.13302231879976473
advantaged,0.058580592337624575,0.41898803617292146,0.319298942483468,0.1313854275593238
advantaged,0.11709176396369221,0.213270060947377,0.31339414564054013,0.26287967722248884
advantaged,0.12095588536676452,0.21583157656119675,0.30674421065417046,0.2732309183302643
advantaged,0.10171712485245721,0.3247960563158605,0.3324244226656782,0.2148897873842842
advantaged,0.11999953297572807,0.2048587067636325,0.28579157943905087,0.2868672343455151
advantaged,0.10800468561801521,0.38619108794295365,0.2837149178621652,0.24465839577744714
advantaged,0.09494226633742603,0.31813838856861254,0.3288816829711279,0.2060114642182559
advantaged,0.03699156613319762,0.45135912540079415,0.3371287321851194,0.08035113886824172
advantaged,0.12870076742457923,0.2385984373571308,0.30522350471347515,0.2845163211988501
advantaged,0.1066285226247517,0.3290588890102807,0.3484490530784141,0.21437650809706538
advantaged,0.09989235278428962,0.21087164198025782,0.2648056628987221,0.26495165507890966
advantaged,0.09195500796974806,0.31520793166707606,0.25854823441305286,0.24260907748923155
advantaged,0.08103754513660016,0.3957753386542074,0.28003551785352687,0.19617680611665816
advantaged,0.09471006673877402,0.3472850923054871,0.32557919615409403,0.20370306977362643
advantaged,0.08977459211490108,0.26111861272675274,0.3231379333245424,0.20564223106986596
advantaged,0.04769391778944313,0.4082416780190224,0.2679322921042767,0.12917808885138307
advantaged,0.09345863786640388,0.2436525663604075,0.30819380029862975,0.22193740122676844
advantaged,0.026391468635584253,0.42750737240960923,0.3429500767984116,0.059168782303956044
advantaged,0.12523698993004984,0.19839838990628247,0.29760299380761035,0.28787849507981633
advantaged,0.08282110596978852,0.37103159543859865,0.31846586956031864,0.18318094115229158
advantaged,0.06193650413796514,0.4014442237056983,0.3257160676847738,0.13756674036382205
advantaged,0.10729910940773474,0.26223887404056956,0.3501631080600451,0.22200384587772096
advantaged,0.023377759029764973,0.3779215903749844,0.32510420805937146,0.05805951252433829
advantaged,0.06456993980797784,0.3726682504298445,0.30708794704361064,0.15330534154483094
advantaged,0.09472624764262227,0.2768684555092649,0.29197225820981965,0.23051221348868153
advantaged,0.10467346182212943,0.2292202068192581,0.3055254050335973,0.24505543266967353
advantaged,0.07893526013552798,0.22565600701189287,0.2941928901024624,0.20296412215931936
advantaged,0.08589087095426362,0.3370771499851273,0.2809141272366196,0.21322705132749165
advantaged,0.022376049280420966,0.4362592983445909,0.36836238774711644,0.046877978889065475
advantaged,0.09846763146459117,0.2424527372929746,0.31514255878450004,0.22725451540349564
advantaged,0.07224187134926402,0.3461010195614903,0.341570835034545,0.15694650608433441
advantaged,0.07594321978123955,0.3557031797162355,0.315641136031297,0.1736616488685843
advantaged,0.07996415203552706,0.3227686374228383,0.3102973551916046,0.18755624119716596
advantaged,0.04448198479274626,0.4577212225134853,0.30757727505653415,0.10259272873900901
advantaged,0.06534263360387374,0.3446509120501332,0.3167705458540399,0.15381521708623458
advantaged,0.0958863171884724,0.26774896297733375,0.33987026040347734,0.20754464719004376
advantaged,0.11611977315980859,0.26048800495209057,0.30159575813237516,0.26410684312677735
advantaged,0.07917921512467063,0.21361809470377757,0.2856102639579692,0.20922206316088243
advantaged,0.0926335356021867,0.2724402419965629,0.31463498980263227,0.21418443800437792
advantaged,0.10049841071027285,0.33066583105591774,0.3455426253209194,0.2057450880713267
advantaged,0.09205642469824113,0.3375752239563107,0.30555938077386124,0.2106964896452769
advantaged,0.11875223563903675,0.2016832764313709,0.29519171508875736,0.2784602164274573
advantaged,0.052484131293546656,0.43591144596802933,0.30857573573677605,0.12108444013498751
advantaged,0.041032373515836676,0.3597841704100744,0.3046202933724679,0.10495628364020322
advantaged,0.081209683596971,0.2582188241968154,0.3265783280027055,0.18836957655875122
advantaged,0.09675917944854576,0.27582630435446054,0.30983956773597765,0.22392128146824833
advantaged,0.09308958690942923,0.3092783464651528,0.34102679212797393,0.1979842185136284
advantaged,0.10336120007996012,0.2810101692157068,0.3166605645564074,0.23114451965422986
advantaged,0.10342401710989993,0.19352125212864058,0.29184994420096266,0.25434482597966196
advantaged,0.1061097966916926,0.413726821407624,0.2923028904924812,0.23128736795096233
advantaged,0.06475366609970512,0.43642425037830873,0.30704183239962723,0.1458297924796324
advantaged,0.09009515466589796,0.31211058475897396,0.3113617984670828,0.20708619673551715
advantaged,0.09308070267529936,0.33259567724470007,0.33712315890979827,0.19714858267668986
advantaged,2.0812710345262096e-14,0.4367489747851304,0.40927561379091804,4.115244644564092e-14
advantaged,0.09037717557613861,0.25243769128274374,0.2983020236237278,0.2209806854266986
advantaged,0.11881490566025978,0.19783435899089485,0.30995259357617655,0.2691818618482954
advantaged,0.06275966092327122,0.36295429072663044,0.30001643560251057,0.15371135213089643
advantaged,0.0642207083827715,0.43389104761443803,0.3284752547284558,0.1369670186432025
advantaged,0.074068195078348,0.34564970008140583,0.26746534628816093,0.19603866189627445
advantaged,0.1194932080137005,0.22045519114103818,0.2989073749899755,0.27553966465096535
advantaged,0.09069465596138046,0.373179923778699,0.36568266841101044,0.1759206079877757
advantaged,0.04818726290829648,0.4114491002312676,0.2849893085796581,0.12316089847220142
advantaged,0.0878110976812409,0.3458916476906003,0.3229483267627079,0.1931407602958048
advantaged,0.04505335921757049,0.409949067120725,0.33267657005691526,0.10125875038801906
advantaged,0.12366979629939612,0.21974901859339108,0.31206945267751296,0.27386409550366747
advantaged,0.13405076803438837,0.13010346149006036,0.3075737496415424,0.29994325088415225
advantaged,0.029454897614156116,0.44749893701611804,0.33790780962948797,0.06516937992692527
advantaged,0.0625311089600261,0.347111802240386,0.32940326100355605,0.14307210753085584
advantaged,0.08055535538367889,0.34399042927104617,0.28522727047576163,0.19936330126893279
advantaged,0.08265705158007008,0.3945531618104091,0.29889150358478495,0.18929540244753595
advantaged,0.05382929863521473,0.3879906688866462,0.3354309619715945,0.11996634924085776
advantaged,0.13582924511923902,0.21229859504367013,0.3486006476902559,0.27117951979496724
advantaged,0.06707633237014005,0.38163784635556625,0.2748959080012189,0.1725056067198816
advantaged,0.10581633757575751,0.21453085059225951,0.28824369453436766,0.2593753746360509
advantaged,0.09907909821821861,0.19157297294313752,0.3045075103933237,0.23863678737612176
advantaged,0.0954009457055576,0.22013590025285512,0.26377266935874155,0.2560363976840616
advantaged,0.11757710279122556,0.3025021700121763,0.27841910630300537,0.2772784143675689
advantaged,0.08215629139651287,0.2605282873202198,0.2772720122503135,0.21641801002106228
advantaged,0.09891128146519829,0.2588568417482611,0.32838037348187155,0.21937594886754977
advantaged,0.07038978930646969,0.3584435739322052,0.2975936971195376,0.1709088914199468
advantaged,0.09520215880553132,0.3120428499948485,0.32914857449275997,0.20702535073906028
advantaged,0.09672642063768971,0.27323459533773886,0.31810779934186406,0.21958358518853427
advantaged,0.07875354318332695,0.32531975656567397,0.2924061839290626,0.19408481319019721
advantaged,0.09104617278320956,0.3113050053673,0.2877278156404719,0.22225347926206282
advantaged,0.005212399912077533,0.37515297532899233,0.3789413730334848,0.011681200539950903
advantaged,0.05144831213566824,0.3633541545974762,0.33629082775782493,0.11722321020110407
advantaged,0.09945160925944246,0.3652598245673998,0.3202790822888545,0.21203265726185985
advantaged,0.04207844615701435,0.5109770671773705,0.2776742486418674,0.10069714547029364
advantaged,0.035435131682077445,0.5102874791255191,0.2874061611995784,0.08356783143019268
advantaged,0.05209843450502637,0.41114225040127406,0.2705308246618083,0.13794996124152087
advantaged,0.07896585229596367,0.3264992353394956,0.3061899252344187,0.18726005015442423
advantaged,0.08739618119356973,0.24584109603328558,0.34160334033416084,0.1937945620517964
advantaged,0.12739124682328024,0.12546467078558082,0.3142489686540762,0.28520468246472636
advantaged,0.0508028464192521,0.3703419160406924,0.33233420386076157,0.11653018742764586
advantaged,0.11648598101478844,0.23528570990001968,0.33970400480346963,0.24466814053152794
advantaged,0.11434111374536758,0.2442147114724699,0.2862497044131742,0.2730561690306793
advantaged,0.05788251832258483,0.42040887654893744,0.3394111832186206,0.12311202825354374
advantaged,0.041029829806676785,0.4047390604316602,0.33405706440997535,0.09313729900615479
advantaged,0.09378976837437078,0.31935383795086614,0.32218570767028454,0.20724000850386806
advantaged,0.10760803519587181,0.2550554433291099,0.31849942665387154,0.24005261214794157
advantaged,0.09887670243599614,0.2407348144463688,0.30568618662040636,0.2335477627614698
advantaged,0.07467436448682006,0.3042506000063472,0.32121260344990266,0.17420648285861962
advantaged,0.09385355200243933,0.2539538698841248,0.30542548136889947,0.22328293638336769
advantaged,0.07439277594972349,0.3691392483942162,0.3384233187663128,0.1595705914771106
advantaged,0.11436983363392746,0.32892930992379976,0.28378770871954495,0.2643858165666003
advantaged,0.03548540899904415,0.48595391408029576,0.28678036759832876,0.08635459821781848
advantaged,0.031299175086606304,0.4040463092696876,0.35206551904950445,0.06923762523657889
advantaged,0.04004120275058015,0.3434862127273366,0.3404229662022419,0.09399326854047135
advantaged,0.07250455702428876,0.3503482746207975,0.3350145355995041,0.159563313040414
advantaged,0.09247606626582536,0.3572408978239947,0.3149133899567622,0.20393505851822447
advantaged,0.10377208023570178,0.22633884248826286,0.31526821578238257,0.237974789245881
advantaged,0.12994355397869883,0.1747792697351392,0.3425761134164794,0.26885928323076186
advantaged,0.11778078093600072,0.23710692698498995,0.31133702728521373,0.26310101510248435
advantaged,0.1066893563990747,0.2183628112609356,0.3461738603684666,0.2269039785094116
advantaged,0.075295024795593,0.3762958680882157,0.25082527067040317,0.20488695086136474
advantaged,0.09542165333410527,0.3045662339240268,0.29571027707690034,0.22645745851892216
advantaged,0.053419936751789576,0.3993186559894294,0.30417034197763515,0.12863196289912335
advantaged,0.08012142916091025,0.32864799225494756,0.32490748162446625,0.180302862470325
advantaged,0.1190895216861971,0.22752611613258117,0.27414773401399406,0.29174008235497056
advantaged,0.09261926488148736,0.3704210995522296,0.30279910462731674,0.2088025595418163
advantaged,0.08984319703534778,0.2616578914093938,0.31066129683912147,0.21222613369024979
advantaged,0.07462659882512322,0.3332647563016585,0.32537189086050244,0.1693552789591934
advantaged,0.07870147627773696,0.28241291765228205,0.3224694967277617,0.18340233788478996
advantaged,0.09620630709341257,0.3547962198584861,0.31225703278180617,0.2121741311480155
advantaged,0.08840428838192152,0.2492953591694962,0.3401968448141535,0.19595546608021963
advantaged,0.10904438056552967,0.27799933526843423,0.28765269606876853,0.25914210384915437
advantaged,0.046597618004614816,0.403698746352642,0.306101802969672,0.11301907391571928
advantaged,0.020155957409904772,0.4666396996016581,0.3298635981248886,0.04561791601323506
advantaged,0.09323363292227765,0.2063369071914173,0.33946651223400504,0.20820578540962506
advantaged,0.09707207725644884,0.2996900991035222,0.30271671061777505,0.22592772015503462
advantaged,0.01887351843588947,0.40842902893765076,0.3044965167732585,0.04910706558008438
advantaged,0.11643933560668487,0.2787080240663135,0.2914950314729948,0.2692337657030058
advantaged,0.06541886247562617,0.3142692231350014,0.36632337225810824,0.13863243563112668
advantaged,0.04625836039721949,0.35076518112059385,0.31037481978632875,0.11559442453573805
advantaged,0.11180245139412534,0.22769521838205864,0.3098399814609736,0.25491656784172706
advantaged,1.4681329270915697e-13,0.4454830313884741,0.3565533928425797,3.300415696408461e-13
advantaged,0.11832742369435484,0.24974269333857307,0.3185588906575233,0.25831340682411646
advantaged,0.0751672423244992,0.3636436776728911,0.29643839378856757,0.18035263084769693
advantaged,0.11170087979708057,0.2687927352108067,0.3135277439103915,0.24842019545885338
advantaged,0.08914716264456446,0.36146019884133973,0.30127211869505804,0.20460804274955288
advantaged,0.08179787242325212,0.3023853092562568,0.29339481552994967,0.2021099624351471
advantaged,0.051656323170380866,0.3915873119740126,0.3215239145859452,0.1197377298289788
advantaged,0.05525429336452782,0.4360223189256356,0.3074901820493037,0.12704299848620948
advantaged,0.08983140671613613,0.31416549100039404,0.28275332595123687,0.22260368464673388
advantaged,0.041513286517231976,0.46705622244438516,0.32523307412221913,0.09074187654389236
advantaged,0.04895659901238082,0.3730584069398263,0.31155749370932406,0.11914928591448697
advantaged,0.05194371337646882,0.44402491030195157,0.2773217546977174,0.1307191421175834
advantaged,0.06534361421586718,0.35209609900142325,0.2757921816798498,0.17188238752958276
advantaged,0.06528971326971386,0.4223878535962514,0.30892536775409074,0.14794873809417294
advantaged,0.07406692438861004,0.30947157619298016,0.3879690232854054,0.1472127986770081
advantaged,0.12346911690888435,0.25426162150269227,0.29989405269814084,0.27802658372104583
advantaged,0.08180702418687179,0.36401298157037987,0.3533651013253698,0.1672442944336278
advantaged,0.04387610673903505,0.3969751306629541,0.3683890568058661,0.09118449349628786
advantaged,0.06708824212197015,0.31753269545028295,0.3396282532534429,0.15082786603517725
advantaged,0.10361800306978267,0.261065265328651,0.3179257364904842,0.23295581656031292
advantaged,0.04102272860263881,0.425861160672665,0.35746738763352304,0.08587881760773458
advantaged,0.02132385588268915,0.38093187853773103,0.3265063611315444,0.052879809620884254
advantaged,0.056889341695253795,0.31277428019167475,0.3510144135626162,0.12756422333399636
advantaged,0.11372008896180377,0.2913955231051917,0.30286251968848055,0.25573160538423334
advantaged,0.08358829338425344,0.29604738660732,0.3105055043456115,0.19717846260708416
advantaged,0.023460400826389283,0.47610131840227454,0.3546349812605917,0.04866863275280762
advantaged,0.06288534641665247,0.3444647867121363,0.3002172185551009,0.1558415594714249
advantaged,0.10546180202371223,0.2990531928084908,0.2908013919412563,0.2482478011660046
advantaged,0.07247537321242561,0.38563451007271343,0.3471142025382832,0.15091864132185615
advantaged,0.1026391647854698,0.2347824359159124,0.304497445265052,0.24156043781742853
advantaged,0.08832959395783206,0.347139277221766,0.3456887084394133,0.1834910996127071
advantaged,0.09852373904053971,0.23216546114054903,0.2817397704832375,0.24859977196231803
advantaged,0.10391703686045858,0.30159729381188927,0.3114847941135016,0.23270052196698393
advantaged,0.07227086015746143,0.3616086317218864,0.32398527931711524,0.16240873618977247
advantaged,0.0296412662768167,0.4868584827333706,0.2716427134188306,0.07685553528268214
advantaged,0.09711856880102272,0.29444816090171366,0.3242886067931069,0.21477288923895907
advantaged,0.09485716522548321,0.2939328689236569,0.3294340736908602,0.20827370162317013
advantaged,0.03182093849406914,0.503412469704227,0.3088873007855892,0.07141791836127734
advantaged,0.09569263057982849,0.2702995094047109,0.32549917613828594,0.2141503670227129
advantaged,0.09386082568092707,0.29172279193933615,0.2848618517170515,0.23162928670640803
advantaged,0.03872485927941968,0.4081873217707492,0.3319502498611106,0.08860685104317892
advantaged,0.06998029548326007,0.42911461454155575,0.2843708287559331,0.16720357733449445
advantaged,0.04907069612531663,0.30646428370605794,0.3310132571526254,0.11841516277679587
advantaged,0.08286828262495363,0.42153815515862947,0.270412378793073,0.20127590762701866
advantaged,0.06025051414742018,0.3543873301636148,0.34172763395709504,0.1335753669223598
advantaged,0.08236440828527561,0.21032033638015352,0.31678064692887264,0.19904098774163537
advantaged,0.054296963917071714,0.4440056766889098,0.2808485557484164,0.1343626594774685
advantaged,0.0857257309953669,0.29709538187072926,0.2573897450510183,0.23292911067055555
advantaged,0.09627099276000305,0.22733002993083473,0.3088636396845924,0.22814857879648082
advantaged,0.08661843837716088,0.28113714530259015,0.29896938431784587,0.21062452099464254
advantaged,0.06920187987047957,0.39829878811855907,0.32480675569885453,0.15200770801774796
advantaged,0.04086565659119956,0.4359978130561296,0.3462166906006442,0.08725576774862205
advantaged,0.07296572257497724,0.42367674353544627,0.3123728460262247,0.16083187597247797
advantaged,0.11585492803225608,0.26065362483890697,0.2830738171963797,0.2761325408280741
advantaged,0.09579795202712107,0.3191983526329233,0.3260397846121623,0.20878939095259624
advantaged,0.07825407527163109,0.3048905120738599,0.2989345014438022,0.1918815556599022
advantaged,0.07658980152894818,0.3652968658380098,0.29923790156061375,0.1815322023714063
advantaged,0.05032965270437007,0.45278633543491575,0.3025415202432429,0.11680328895933864
advantaged,0.12902951350042854,0.2384911866178317,0.3207846360447929,0.2750223426726013
advantaged,0.1083559077761193,0.34157996956453385,0.3127952422878826,0.23429934509241865
advantaged,0.07780926368794758,0.24829237596275483,0.3194175550652323,0.18605204009426318
advantaged,0.0067837679463922645,0.472921278355522,0.3547432399967908,0.014628900825748949
advantaged,0.09973084743208438,0.3374437729368338,0.2428511026201933,0.2668109607517883
advantaged,0.0646163050871563,0.3208060824337317,0.3419099329124673,0.1449604288474433
advantaged,0.07005673040354844,0.3620700288154379,0.3045462975302784,0.16658321094967815
advantaged,0.09164049362861526,0.31296309191982785,0.32726348267968663,0.20165650997024678
advantaged,0.06554252005725933,0.32608058537651563,0.3191662543126519,0.15506306030972786
advantaged,0.11240834596351049,0.3079539275155959,0.2861992039388772,0.2622728596900387
advantaged,0.10394156037796518,0.26743639963735255,0.2978482757048918,0.24472177631915337
advantaged,0.1294293392805877,0.19222719197853771,0.29069890386904174,0.30010367099562574
advantaged,0.11168920968484575,0.2979896312323764,0.31780648438954123,0.24255672820673804
advantaged,0.08653169443771827,0.43992508271951053,0.31918695411399395,0.17940853214789232
advantaged,0.08846857411167808,0.27628652963520683,0.3060074583851765,0.21075722530746815
advantaged,0.1263637123067053,0.1513115534555876,0.3153140698044056,0.2813922236772291
advantaged,0.06255377165139318,0.356908316266933,0.30219636602175304,0.15299392479725804
advantaged,0.05340826897446472,0.4432521259859935,0.33863715526898974,0.11247483027899435
advantaged,0.056750426969064544,0.46593637984573755,0.2679121151238498,0.14224813169643913
advantaged,0.04501853523613592,0.42330929298887915,0.26873916757738703,0.12087910437852166
advantaged,0.11350915949661139,0.2467651102938513,0.28218791567579093,0.2741803316270932
advantaged,0.06623401850848679,0.35115454389142386,0.3516263754124214,0.14173226880506998
advantaged,0.11940126745200501,0.19462236870495409,0.2879423600163018,0.2851852633603659
advantaged,0.09397241486381294,0.2058071170611988,0.36784037771754674,0.19656113723065508
advantaged,0.08188922965238332,0.30521630698430047,0.36031022116493294,0.1708827622805798
advantaged,0.07476947828476106,0.37774910374857956,0.3379755647097745,0.15942338297867814
advantaged,0.05279925052874684,0.44860939334433014,0.2939862842419989,0.12545639843076659
advantaged,0.10500360554546674,0.27070622302260616,0.29482141308160703,0.24815420040816508
advantaged,0.09032069261014075,0.32430203890641884,0.34717638200783435,0.18883621800543526
advantaged,0.09018820098131095,0.3181136691720615,0.30290226635930817,0.21111755263010207
advantaged,0.055516788285772604,0.4072022846404648,0.3317718135420979,0.12248983650462916
advantaged,0.07938476272527956,0.38666941510298886,0.2801354329063921,0.1942052980223151
advantaged,0.07442292040148389,0.3139950699266814,0.34973272042111214,0.1609463541818054
advantaged,0.08481262697832376,0.25733971489995666,0.35026247640294117,0.1844090162214917
advantaged,0.0869911472028305,0.2656627252898567,0.2708380196002158,0.22989475919145558
advantaged,0.07083687845167608,0.34740697645481333,0.35065032006714836,0.15083982256114087
advantaged,0.06436818062966895,0.32549328625874746,0.3018293976194365,0.1601339858403806
advantaged,0.055227907726415434,0.43281182496955367,0.3599843649522317,0.1108569475904713
advantaged,0.05421743198280319,0.36047744420321925,0.3390848677507893,0.12212644447691946
advantaged,0.009368658774509275,0.4356760461667857,0.3281248022398032,0.022609523260329292
advantaged,0.1122608072597763,0.23477690851685862,0.3005314918876798,0.26087507529698034
advantaged,0.07651297870581945,0.3635483370339968,0.27873819973092495,0.19238777318163433
advantaged,0.06666613502047886,0.4319203710730114,0.31485521577348,0.14692903598635979
advantaged,0.07913756829353197,0.34481496704510906,0.3204351085557927,0.1787156742121794
advantaged,0.09390684262450637,0.1891558915931112,0.3006562756701868,0.23145739904782459
advantaged,0.08343622359854497,0.3419130170278628,0.34548353672682086,0.17578288139196235
advantaged,0.09491336240320195,0.31413215164714736,0.29216385602535905,0.22648889380589576
advantaged,0.13972772351340768,0.2613927214887251,0.28903179755250474,0.31053624816122505
advantaged,0.08826273003092663,0.2816893454675681,0.3094531439636036,0.2079770089092932
advantaged,0.05663376805380972,0.3745512588708467,0.31950556700766214,0.13223642699695506
advantaged,0.14448857646708896,0.1469358543979113,0.28825899358576296,0.3290498610805016
advantaged,0.09133968463763185,0.3704225589398371,0.28623299614660797,0.21588529712777066
advantaged,0.0823303794177899,0.35038998698904916,0.325906809868208,0.18140446508391536
advantaged,0.12697980830148545,0.3330475855375032,0.2654924863835192,0.29835839748170484
advantaged,0.10269050424016535,0.23579566915161104,0.3074853764380501,0.23977509706719868
advantaged,0.11695909665861087,0.28348366924308027,0.3117516823040388,0.25651547642074796
advantaged,0.09140978966058269,0.1630433162084835,0.26148036394026586,0.25389425965490586
advantaged,0.06812980642991416,0.3118276124763473,0.2948952430344528,0.1725730783844656
advantaged,0.05396796624539342,0.30997557127495223,0.3317705587130896,0.1281883453409323
advantaged,0.06196863290875777,0.31604434753556243,0.31796056043421284,0.1492455404637888
advantaged,0.09829725625164429,0.3392626576792759,0.28226150754906665,0.2355708671623817
advantaged,0.07576700630167954,0.34833390137214426,0.2488411709179097,0.21106709939763105
advantaged,0.07220086186602914,0.3172957609084236,0.350434537303284,0.15632442804635094
advantaged,0.05775364079402505,0.35683463312537556,0.3259200951168598,0.13392811074168615
advantaged,0.052563201753611476,0.3683644111334028,0.3207118008311972,0.12407947224846826
advantaged,0.0321337503024846,0.3561676302169503,0.33941908295414236,0.07635158063014658
advantaged,0.10565753035385994,0.27759409029175575,0.28340478811896386,0.25600018702354954
advantaged,0.05472581727477257,0.3702438221367636,0.3165704592064793,0.12980950513434936
advantaged,0.09195973391012638,0.2879446044683375,0.3178970547254584,0.20966784029341148
advantaged,0.1101214411441157,0.26382784758199096,0.28750852785934394,0.2627323896522578
advantaged,0.06961958064712288,0.42377898697717886,0.2987377026050777,0.16050580194355799
advantaged,0.11762851751779574,0.20987850255901952,0.28555920764991805,0.28252592554551403
advantaged,0.08278547039110287,0.3299863427083193,0.3333460286817421,0.18120318143434438
advantaged,0.057155163987375725,0.37479547508441996,0.32300961381339044,0.1320121434166688
advantaged,0.06847161858905879,0.43739898962762824,0.29587252991545937,0.15764461754091888
advantaged,0.10899680210615029,0.23907591353889682,0.3172198173771431,0.24469072577727344
advantaged,0.09735438824957328,0.2700847708150067,0.2747194381789374,0.24728674579844367
advantaged,0.04875383118240301,0.46784760256196956,0.3173945218402689,0.1071307575821705
advantaged,0.09786782340856773,0.22455188390383102,0.2720594715825133,0.2546161706671815
advantaged,0.12183220565027894,0.234106099204337,0.35463239899689136,0.24512169477802284
advantaged,0.11005857011175635,0.2075629915909537,0.30667581365038893,0.2556282149981086
advantaged,0.08307414450011383,0.387745210968023,0.32081519885984777,0.18033814400348006
advantaged,0.08535152279377928,0.3461293019993072,0.34015158550660596,0.18090538636815087
advantaged,0.06852032384087808,0.3709943596224787,0.2886480177010097,0.16992535431811168
advantaged,0.09367128864959687,0.36751546638428934,0.27381662564408193,0.22832897664183072
advantaged,0.0737347692193493,0.36603353389290066,0.32733182968681385,0.16323561549847407
advantaged,0.050696671407108,0.26955072355133414,0.3558610936128821,0.11669440609948034
advantaged,0.104094636383482,0.2614471411952005,0.3468721166418476,0.21849494507421324
advantaged,0.0955476200275778,0.29000023858792423,0.27287323323624735,0.24282914856890805
advantaged,0.03587764341082395,0.35772428923950494,0.32102964213030405,0.08880234861028692
advantaged,0.048450240986443224,0.3659732528251003,0.3479607981895121,0.10761386115056916
advantaged,0.09728318198234485,0.304984153018498,0.34233330128030015,0.2049256445579033
advantaged,0.0551778148614018,0.38294677136139904,0.33581033710918307,0.12297342871978861
advantaged,0.04273597467668058,0.44234813316437205,0.3418048212040856,0.09137614288076726
advantaged,0.09425420010307536,0.3144357485277841,0.28326581558224784,0.23067638383054612
advantaged,0.1281597185624865,0.17496308179844802,0.2920337484220099,0.2984515192927468
advantaged,0.0665173207536977,0.38975563812986347,0.3066802102745024,0.15536714542267233
advantaged,0.044862135419197674,0.4426795998515636,0.3389962277324049,0.09617140977562591
advantaged,0.10396113962457251,0.23567466438837198,0.3185252562510913,0.23562278652544064
advantaged,0.0721739720592062,0.4450814055703005,0.27883866203469054,0.17188561622546386
advantaged,0.0776928362454698,0.22023302619985347,0.3203362459303138,0.18750161511789004
advantaged,0.0710128826928774,0.3054859111171739,0.31872741784406294,0.16805955396596645
advantaged,0.09924216416295512,0.37180689968059755,0.34950618129383837,0.19659120764427346
advantaged,0.04625688905453139,0.463085821097441,0.3126220760409214,0.10413012426544829
advantaged,0.08873101255383187,0.3177917663752631,0.32747259793496797,0.19587818198684437
advantaged,0.11625540371587378,0.2608697072281015,0.30160635340183445,0.2642854350062981
advantaged,0.09258718969992927,0.3199545023281455,0.28496585534771557,0.2257936550718576
advantaged,0.023663342963885524,0.44550067523260334,0.3461800485407517,0.051943091218216456
advantaged,0.07387943644148798,0.38828814425332936,0.3195956617943918,0.16409840661520372
advantaged,0.08126711934381045,0.42186304830845844,0.30065337956504246,0.18180098232451755
advantaged,0.020027962447335255,0.4584070305236158,0.28872872267151983,0.05194367653840493
advantaged,0.1115919269509163,0.24546757449274548,0.33867619910636754,0.23643195701565142
advantaged,0.0946966315157187,0.39470299377470935,0.27351421336409265,0.22617622818238795
advantaged,0.07124287061006887,0.37450048378652767,0.29715867251078576,0.17089664878248487
advantaged,0.06391450619570269,0.428713049054554,0.30132807980341036,0.1475757345069545
advantaged,0.08199131742210852,0.3117018425892456,0.2791634234273348,0.2095911264937512
advantaged,0.1182374620040837,0.24512159680955348,0.2879491870495843,0.2784718445733842
advantaged,0.06513934460559838,0.4023522660210077,0.3215674124008986,0.14513475165482217
advantaged,0.10612061693837643,0.3191386620218364,0.2940534661655727,0.24478857216503125
advantaged,0.07412611117310008,0.32767562650596416,0.3256400423467849,0.1688766923144341
advantaged,0.06095459556601475,0.39882123236593203,0.2929256465762681,0.14892941598111575
advantaged,0.0301883668696232,0.4335901930495081,0.3085564487540582,0.07359709707320679
advantaged,0.08135266038118971,0.36684425496367357,0.2955407332096388,0.19239114130418652
advantaged,0.11253537081151924,0.22402837291971872,0.2991168721086125,0.26326662533668294
advantaged,0.09368841765584468,0.3024850823502724,0.33033929489988545,0.20487438737342184
advantaged,0.06366796895015664,0.3539804645370003,0.30668956207106457,0.15367919205462766
advantaged,0.0711881341937879,0.33534006674976435,0.3361902566792265,0.15820500129924026
advantaged,0.043297203167952006,0.3875336586337622,0.32827810722756856,0.10078736207036927
advantaged,0.06131740572112748,0.4670932502353411,0.27646549794421116,0.1477764712849544
advantaged,0.09475316490378133,0.2956567930769405,0.3528565759918383,0.19682490464649927
advantaged,0.08310972053765955,0.26855306395158296,0.3031165859758559,0.2028122567572109
advantaged,0.10501213898769976,0.32403057762116216,0.31897038070109257,0.2275936129924054
advantaged,0.12149048562763423,0.21994252441849663,0.2954852354972949,0.28123034971519495
advantaged,0.05078347176413621,0.3922475491439179,0.29074866951649997,0.12876120652624712
advantaged,0.08037908336318708,0.33320710336676046,0.3083990539949356,0.1881113730370286
advantaged,0.10662481576429136,0.13887027353613035,0.286477516183975,0.2674072628786142
advantaged,0.0285227133480691,0.42668396739498166,0.3306184987851617,0.06591325581666528
advantaged,5.993425366533893e-14,0.43550455424921586,0.3142363886031204,1.545552079502538e-13
advantaged,0.10564973387717233,0.2579928946997897,0.28752772206403837,0.25538996158441074
advantaged,0.0645427580729526,0.4602912094803902,0.28441210370519204,0.1517184594673041
advantaged,0.04894145454200573,0.486608455355919,0.29608111038335405,0.11202437429204698
advantaged,0.08757045710105149,0.3447103738321182,0.2563553110611104,0.23136493462646013
advantaged,0.1263795148391741,0.26684557761704186,0.272189833447115,0.30130752985875014
advantaged,0.07207012401156523,0.29061393774058475,0.3293348678906796,0.1669119602640675
advantaged,0.12742067570364896,0.18009532861000632,0.31342722107582155,0.2823073298941479
advantaged,0.06844499922176217,0.384285807557036,0.2793284699607621,0.17276650966458265
advantaged,0.02848419463087439,0.4071511889367583,0.31959422302191065,0.06920593564301039
advantaged,0.1117811457822213,0.21205050091933372,0.30840260323841073,0.25714305916774693
advantaged,0.09310761463717035,0.348531927891121,0.30161671172372156,0.21333959270097572
advantaged,0.08548893208950378,0.29262893424521813,0.34021305654140255,0.18683518223577733
advantaged,0.0945652821385003,0.39422993129016803,0.2909273341240378,0.21539689189256853
advantaged,0.10005819094065438,0.29482735957937595,0.3314099749488968,0.21610011298180826
advantaged,0.07335331018835738,0.40968666230754075,0.3212127827498016,0.15968811355073992
advantaged,0.09887905413960013,0.28027229246978524,0.3198169976048884,0.22172172070054763
advantaged,0.11608727840027415,0.21338212369708442,0.30034735015194125,0.26949260192007546
advantaged,0.09012715207494403,0.21374589441810377,0.3187525815058678,0.2124939371915585
advantaged,0.05663622996339837,0.3537349173356065,0.3488405984496204,0.12437417130413984
advantaged,0.08105079935475212,0.2876142500418083,0.3308385143343499,0.18348701451448463
advantaged,0.04906482980999959,0.34872221638336365,0.34230572082263333,0.11182604108186424
advantaged,0.10197728405975878,0.30391890788985115,0.2824799858224617,0.24679629097783232
advantaged,0.10045001983215598,0.2910565580359399,0.23927761447020884,0.2775829567174078
advantaged,0.10957191391326215,0.19469688629455129,0.32030866608766084,0.24761965342304723
advantaged,0.09407259994764483,0.3322111387276772,0.27458529879624743,0.2335920664049092
advantaged,0.07805106404282006,0.4153193147606728,0.3340258246631005,0.16203156404276034
advantaged,0.07456124110671386,0.3733673064664639,0.3196803756577148,0.16716837286173145
advantaged,0.06389367325466846,0.36642681525179255,0.32080678569751386,0.14706617941104688
advantaged,0.073064746790071,0.36239759964395746,0.32024138670914126,0.16540861856982597
advantaged,0.08382533680260304,0.34639905052203956,0.3123027436041331,0.1910715719803407
advantaged,0.08313635381691979,0.27714850744408537,0.3210108316645326,0.1929562489731666
advantaged,0.0813867519440318,0.26311759160921866,0.2912003379400798,0.20643612704623215
advantaged,0.0869196183181626,0.38393130864105124,0.31008761605063273,0.19289002740668854
advantaged,0.015259231590990567,0.5134704990443126,0.31179003573461467,0.034783888809194675
advantaged,0.042871200076562976,0.41175122382656554,0.32321088183012225,0.09922378340526669
advantaged,0.05978390676233564,0.39731119323748576,0.28945709329244734,0.1481638997360874
advantaged,0.009156884069611002,0.4793027759599693,0.3295812216647689,0.02095228766813979
advantaged,0.09129287369401143,0.284226961162802,0.3182353275984887,0.20867122504832195
advantaged,0.14451483121204925,0.28541722940562886,0.2977889432847627,0.3083219787594322
advantaged,0.08575617032610602,0.4121848300308242,0.2958819248634238,0.1939325322898468
advantaged,0.12393545212599659,0.2325217050800778,0.2936480319072017,0.2853240156291336
advantaged,0.08043281282469784,0.31348471969963076,0.3085940260562565,0.19030224450970204
advantaged,0.09023171739747783,0.24823074615541174,0.2981831668235946,0.22115889070627912
advantaged,0.044685147578338316,0.31685360985084965,0.32619595915206084,0.10971476271045408
advantaged,0.07008179724681074,0.4017406809320714,0.332570009289166,0.1501782796319384
advantaged,0.05216520323137129,0.4214517585111107,0.2878840500614428,0.12969064615408735
advantaged,0.10051236113511833,0.17747653193130247,0.32225290074110946,0.2319985365779542
advantaged,0.08280546578279865,0.3534322534597462,0.30607445344073203,0.19142647326446982
advantaged,0.015469277050421545,0.46532955701707773,0.3366181434133739,0.03475301111018208
advantaged,0.09903524164934213,0.29488575149540597,0.3019072568366301,0.23047747730248333
advantaged,0.09010476702126803,0.2770582624369319,0.3372678738841224,0.1978523154922839
advantaged,0.03858371173593373,0.4229284781099797,0.2950882768546217,0.09695579502904937
advantaged,0.10261321251510029,0.26140580157336324,0.3398426111542864,0.21954913672670198
advantaged,0.0935768106259344,0.25067541163892554,0.2944630170764316,0.22947639752271756
advantaged,0.06997553990130793,0.3663635404633476,0.2654453100499798,0.18582195055946935
advantaged,0.09529885758250428,0.3853702650846299,0.30562089456509967,0.20980596357280146
advantaged,0.07843002028377605,0.4500499403442192,0.291497256605833,0.17665834478893905
advantaged,0.07154746501149548,0.3328169777749062,0.29113679768451295,0.17933957747986407
advantaged,0.05714287624208407,0.26324089728723776,0.30211198730795086,0.14968716439590693
advantaged,0.10298970899828627,0.20167226900196214,0.3295475674618077,0.23065550560067963
advantaged,0.05725158679892445,0.44192737717596076,0.3581198440038218,0.11398188815503463
advantaged,0.09247452304505024,0.36441532071825866,0.3307850064196838,0.1951292720817512
advantaged,0.09367583529236304,0.39835094096750867,0.31900581707646536,0.19810882663250967
advantaged,0.07790257996542665,0.3471990386960022,0.30079490665791303,0.18551429445012815
advantaged,0.10086063181453318,0.19656264501029808,0.34428814346765724,0.21974683044860385
advantaged,0.10027479048725188,0.2298862275934062,0.28368822083029377,0.250817533574451
advantaged,0.07480772694006149,0.32004534069684154,0.3583141697614014,0.15781821362901116
advantaged,0.0678684671235368,0.34312443800190007,0.36227977676416623,0.14183799603864164
advantaged,0.08165761831469959,0.1802302237467968,0.33825550878303323,0.189342416264788
advantaged,0.04589633556809332,0.44318832730753044,0.3231957592769993,0.1024267934724034
advantaged,0.1026736339371623,0.3014056201261534,0.3032005539717777,0.2353977386029399
advantaged,0.05735565719007363,0.3435047092250675,0.3570517470188378,0.12409966235571206
advantaged,0.10517270919876623,0.257847071598273,0.34039161799517537,0.22386360837386035
advantaged,0.09099102965150113,0.29623662286209934,0.34277965077741757,0.19494787252949744
advantaged,0.11895241491886444,0.295394269497605,0.3154677397428894,0.2560436048302644
advantaged,0.09479177907881464,0.34219767357778175,0.3006487223571117,0.21775416007671766
advantaged,0.1432632477430404,0.24408858366610742,0.3299170025274003,0.2899585910603123
advantaged,0.08333427416700562,0.27613317779789226,0.3246379096861044,0.19167486953052582
advantaged,0.10761608286634354,0.27286407596485607,0.3139134620655186,0.24086928945133118
advantaged,0.05161755572831733,0.3496871540333383,0.3319345808789247,0.12009773548500882
advantaged,0.04793443798858518,0.36948940540059455,0.32423151634279923,0.1132052553116781
advantaged,0.08873676676000666,0.33561836479486973,0.3397656721784673,0.18814847910627452
advantaged,0.08325137170139155,0.2814154739986757,0.3199766588510073,0.19327168177131077
advantaged,0.0627469985401159,0.4423633011020225,0.3390906287383333,0.12955249079393172
advantaged,0.10018857879616272,0.3453817096780976,0.25626827146799186,0.2561272036202017
advantaged,0.08644465992476227,0.3279673202601864,0.3313662916026897,0.18884710986247577
advantaged,0.10090616216933329,0.3695634348204772,0.29973180129314475,0.22521190760988827
advantaged,0.09154630747104756,0.28271880201069455,0.32742598733199324,0.20461069872659995
advantaged,0.06425590111306898,0.32692549932390425,0.3211629572414817,0.15159961689800486
advantaged,0.04764803189261935,0.42917477567193285,0.3446750333990103,0.10134800028297183
advantaged,0.05861227222851485,0.40405871270482885,0.32097839520396665,0.13254105679203398
advantaged,0.09226194093460152,0.2674207925955665,0.2770005077839818,0.23620714425294875
advantaged,0.11612750862328611,0.36010630858345305,0.2914186375130752,0.2575077895402084
advantaged,6.944159058244934e-14,0.4707565312783405,0.32707915947803406,1.6525822346397832e-13
advantaged,0.10312027666264778,0.30123452888270574,0.3315313520636068,0.22046596822656273
advantaged,0.06975178323172818,0.2964066563515064,0.2959102333383047,0.17696138768992548
advantaged,0.06280676850292921,0.3879172293852981,0.26936962456403796,0.16532831222053876
advantaged,0.11164634502979323,0.26194425409530214,0.34323845153514015,0.2325136987495874
advantaged,0.0953226209619543,0.3124838744036162,0.30406137840195585,0.22050756163118604
advantaged,0.07031996392087206,0.2895538675766953,0.33964052128757605,0.1594403754601957
advantaged,0.04786298560032845,0.44451800283404297,0.2898121535029856,0.11701212789626883
advantaged,0.08716994842028541,0.2851387089023456,0.30847847233161874,0.206100574087195
advantaged,0.1148144707060063,0.22189060887226314,0.31931587996909605,0.25476612548543354
advantaged,0.10153635090253776,0.15315876971284986,0.25115027856068384,0.28305219502670165
advantaged,0.06718243769603714,0.3579791310009103,0.30902002519940225,0.15934214241082045
advantaged,0.057409327077265294,0.41113485826633556,0.29850167995017446,0.13779421250557222
advantaged,0.0518918084376508,0.4359274226641341,0.33277253687787367,0.11214062902064467
advantaged,0.10931529696044086,0.2292030209913002,0.32134728808120583,0.24374604662942914
advantaged,0.056118578307112296,0.3955181504431968,0.29003976535977355,0.140315866058488
advantaged,0.11649235760346457,0.24021579842653928,0.29707525005244007,0.2698083308750454
advantaged,0.12383741582905033,0.17555247252106865,0.28826070616025934,0.2939659934918278
advantaged,0.07712753253975074,0.31932176160559267,0.3269927933255873,0.17479390193781272
advantaged,0.05323660586709966,0.4377503403274509,0.31473991717706096,0.12028542339870033
advantaged,0.08440546511181177,0.27249380329607753,0.3408912730775284,0.18647407252002413
advantaged,0.025434876014915078,0.37766153674212266,0.3430147367806314,0.05977477126789632
advantaged,0.05700193391589345,0.3726053273000163,0.3446412394014055,0.12467470079367594
advantaged,0.02395106852785605,0.45202372828184434,0.35744446799124174,0.050616649151856395
advantaged,0.10785799051269444,0.313105394732128,0.27103506735202054,0.26412995415564083
advantaged,0.012253216544624648,0.4343413006264884,0.3443421778572814,0.028061171208867013
advantaged,0.10149306320455001,0.17299297988256096,0.3075368736393945,0.24250620441451384
advantaged,9.532276439371977e-15,0.4599035326057146,0.3381877066605008,2.2224618156209656e-14
advantaged,0.09530800452178462,0.27463489688924025,0.33258002285539123,0.2094594016335446
advantaged,0.05062082427972687,0.4368064631764138,0.3205067257711245,0.11332193118810398
advantaged,0.04775938399638251,0.32236923424249686,0.3291334374216114,0.11506516262467491
advantaged,0.07494339812782183,0.2812165171983291,0.32450256408114353,0.1753832182214383
advantaged,0.08764599532779743,0.294471561980745,0.30147783902322367,0.2098058263837856
advantaged,0.04081085518231971,0.46788324289262107,0.3121798669018719,0.09264974304971138
advantaged,0.1105775628096134,0.33592199854248783,0.3030309110073233,0.2445577999798947
advantaged,0.08136177763465127,0.35693436956882896,0.31180815913205256,0.18546321954077527
advantaged,0.08216414576611203,0.2680834911809782,0.3375111905930903,0.1843030067911947
advantaged,0.06506118145616949,0.35037313647755797,0.2668898013890624,0.17617447172201378
advantaged,0.06793670223917722,0.3646212175142185,0.33065733226276783,0.15120730265342114
advantaged,0.06928674497904491,0.35759404098672176,0.3410138869260178,0.15052486583761265
advantaged,0.07272083449507011,0.4014148161171164,0.29643692243360237,0.17066654960150368
advantaged,0.10802575856699304,0.3183546850857284,0.33179375246944276,0.22635559368646008
advantaged,0.09651144253413538,0.3566904448145253,0.3323121624903501,0.2022171683964521
advantaged,0.11323280113239768,0.2520855031885795,0.2732418753979069,0.279575637027472
advantaged,0.07950125425578243,0.2995139638030778,0.34895957325185745,0.1717644108826234
advantaged,0.07650409387920051,0.42242991241984795,0.3254102604390009,0.1618806283569427
advantaged,0.04852804637294209,0.4347751238106695,0.3033901175564241,0.1148224651741095
advantaged,0.03495283388415908,0.4038512209198576,0.3098134001924993,0.08627290847273794
advantaged,0.11026671899734725,0.25685348212283415,0.3416595695749629,0.23162408061985149
advantaged,0.06341217076628564,0.4104528953076725,0.32177223510762504,0.14079798447109618
advantaged,0.07192515078359576,0.3942524318066549,0.3180576207366952,0.16036159279609094
advantaged,0.12191331111983422,0.22077940847615302,0.31863594566414244,0.26684081337398935
advantaged,0.12132115803095028,0.218826395231835,0.25481279119193645,0.31192022026598976
advantaged,0.09459333637380275,0.17747580043092892,0.27705996695372537,0.24849571369594406
advantaged,0.10089372735253359,0.2979596155998112,0.2546395901629954,0.26527051659946066
advantaged,0.0900635401127504,0.36288862324352833,0.32683800870073487,0.1930747531068968
advantaged,0.12394297138267736,0.25477462607260026,0.34593106567780363,0.25095402906507647
advantaged,0.12599356978863505,0.19869336612043614,0.2590418801941129,0.31842086832200917
advantaged,0.10952452960417211,0.2953278502505172,0.3236213969318976,0.2360092727269389
advantaged,0.07793754568835967,0.4210415034635724,0.30307870015267957,0.17462181227275217
advantaged,0.09907641809208623,0.27751476810359355,0.2651124119849328,0.25646871089027073
advantaged,0.09254261368486982,0.37048507763366206,0.3047370036376693,0.20760531293743179
advantaged,0.07184423010821192,0.3820520149394717,0.3294999573820334,0.1569819485791411
advantaged,0.09997022620573645,0.24616877184118113,0.34843571341388885,0.21230379374278696
advantaged,0.1074960614346683,0.246440547182596,0.3050225395657836,0.24869454197281676
advantaged,0.07262648162346,0.29746183883347344,0.31307946894987526,0.1745419875689035
advantaged,0.09934609660518379,0.254606935801143,0.28558575568850764,0.24546376787640886
advantaged,0.10617516978121683,0.2075258200268491,0.29580483670821134,0.2556634238413372
advantaged,0.08394239774678888,0.36402653413346686,0.31764271469255423,0.18649406384385742
advantaged,0.018795560289173355,0.39340011330776636,0.3730375559834329,0.04084777671422921
advantaged,0.03537222836909688,0.47243241798526003,0.29079146175976656,0.08633397136336535
advantaged,0.06080862270639233,0.3492512779437652,0.3362066209234805,0.13704228271447336
advantaged,0.0599322136840818,0.42306516496232477,0.3077027027919689,0.1378654952426034
advantaged,0.06102011913047639,0.4340676761475486,0.267484012006467,0.15622059582199158
advantaged,0.1052327400544083,0.2214642453136041,0.2959455963984353,0.25269480747493733
advantaged,0.1366974947039154,0.2845680402336794,0.2791158081722803,0.3103887187427685
advantaged,0.09934900457753908,0.34598119591040405,0.2996224428229098,0.22593996316892437
advantaged,0.05387099624109176,0.37763573306631015,0.36626965298809044,0.11198352678982856
advantaged,0.08171359188783056,0.26729368123665576,0.3379627874887642,0.18334575112075022
advantaged,0.07223602589856465,0.23164194289809945,0.3503893956157026,0.16324796876431136
advantaged,0.07293537506757958,0.2894245700159518,0.3440233887889502,0.1626529278345493
advantaged,0.05722034896802182,0.3371619332254917,0.3186664075704353,0.13729861582951786
advantaged,0.08031673675212399,0.3807730636212565,0.32329149481777397,0.17519949161015702
advantaged,0.12808872252719922,0.27960806316395487,0.27732101574267437,0.298624055855486
advantaged,0.09515400478563873,0.2469217705315121,0.3033317124637159,0.22754275241788474
advantaged,0.01915893481440995,0.41124725656418265,0.34115323512647555,0.044581194975389656
advantaged,0.05963479975530786,0.32748231362989066,0.324659958966381,0.14088222285727556
advantaged,0.1052907336398586,0.295142520435029,0.2984862248503868,0.2435825921741392
advantaged,0.09436390171788381,0.3900688583217127,0.26546047825351693,0.2315885021026374
advantaged,0.07315732298351693,0.39205006671964937,0.30410376272184736,0.16915301082280068
advantaged,0.10170109945806294,0.2414369000555592,0.3065306041506386,0.23806104997484928
advantaged,0.1330828024456454,0.1597136848145697,0.30636275428572046,0.2974150241941934
advantaged,0.07851063820233489,0.37338672457786737,0.34506244682383513,0.16374308511322339
advantaged,0.08284620331937562,0.36127329286959364,0.36438432875956406,0.16505579417954253
advantaged,0.07131809240816331,0.2063642543685394,0.27763126672659527,0.19739380978937723
advantaged,0.08238350953782228,0.33971042457070677,0.3304332843405654,0.18069545992700067
advantaged,0.09725282611516851,0.32511738724648787,0.28693283537315145,0.23260684619443964
advantaged,0.006997048312712516,0.4955678348442547,0.3341347109380579,0.015552306704062522
advantaged,0.05242611818341926,0.3994040376389659,0.3260944832858058,0.11903832248506421
advantaged,0.0491883612305874,0.435716375217141,0.3264309456530705,0.10879629706358823
advantaged,0.02309517399876828,0.3811788469639499,0.3405060729090178,0.05479458555839196
advantaged,0.08014940959621321,0.24164570883248224,0.3202983397377553,0.19069087717844044
advantaged,0.07357683198913176,0.3682317129235978,0.27528755530046256,0.18767337616369767
advantaged,0.034194021152269896,0.40938919779066774,0.3290783401958983,0.0796078859885179
advantaged,0.07215865182861894,0.3742832246663925,0.3208705125479774,0.16204428331842985
advantaged,0.08813437280177508,0.33490923944372125,0.27518311084636193,0.22139721314903227
advantaged,0.12014304724010397,0.2238231242268705,0.28345130486977743,0.2870504991937197
advantaged,0.07574128640231731,0.3311029517817679,0.33471111136781284,0.16769367041825028
advantaged,0.10776756997662837,0.19599362192262573,0.3082385088376649,0.25160550412924576
advantaged,0.10019889168972168,0.27341317540584376,0.32235873666327286,0.22335787655994743
advantaged,0.04205022764056346,0.4339356677978181,0.313272524571315,0.09824899928128132
advantaged,0.13734397324654524,0.24488357980362557,0.27342934316281,0.32073501182651926
advantaged,0.06132493664143787,0.34063763517184387,0.35248957707679857,0.1332906995326608
advantaged,0.02834669271490839,0.38594954139640414,0.3732903179585915,0.060702990766130664
advantaged,0.05790022422962736,0.4100130709795332,0.3024173650976365,0.13738956723960177
advantaged,0.0993158743073576,0.29063578451601746,0.304984687143005,0.2296643600444116
advantaged,0.10411598811528852,0.24734608414962367,0.3311352213667331,0.22790954940501854
advantaged,0.10542562231149924,0.35207952557658234,0.2889145715652651,0.2422342881313648
advantaged,0.04773739676536369,0.36916789539607053,0.3172412684821672,0.11501991606961476
advantaged,0.09700596783542184,0.21587689951344,0.32450551130472294,0.22179201812807872
advantaged,0.08882513888553353,0.33125859569605454,0.29721531739773493,0.2101502192026383
advantaged,0.09387518443748719,0.32789180280254965,0.30228811309730524,0.21701316295979362
advantaged,0.05732883297309442,0.3614174398698937,0.3546175947135186,0.12322761606776607
advantaged,0.03088271253491886,0.4446357823895197,0.3375623628186697,0.06838108400195866
advantaged,0.04466473719126014,0.4072755778871815,0.3277702308463176,0.10206401003714287
advantaged,0.11594008334012455,0.3123727606909636,0.28585261876670276,0.26794489471743077
advantaged,0.0374721635639711,0.4579994797412888,0.3335714381399575,0.08153422747959849
advantaged,0.028261636591612384,0.38568259480220507,0.350592724673229,0.0642136969857041
advantaged,5.402972164939675e-14,0.4919675654812071,0.29947584304392116,1.3674824327777294e-13
advantaged,0.09683087294875732,0.3328947295706008,0.32840078920829263,0.20772009718392062
advantaged,0.07630180666445552,0.3440924238307045,0.3605276992446974,0.15724269856125214
advantaged,0.09180540616682695,0.33153215339987674,0.2955052004673053,0.21662360921259488
advantaged,0.03511611397507243,0.39608094356193935,0.3516652029975198,0.07765341003911262
advantaged,0.04998709232885684,0.4523105958972512,0.31046941355955515,0.11352682612808128
advantaged,0.07680143809764428,0.3119100860149654,0.29558171966883706,0.18999024147191693
advantaged,0.08091926857591417,0.3471850763209049,0.29573560702468504,0.1939636313090689
advantaged,0.08991934455490974,0.3677386080960514,0.31736913750475415,0.19679520146328133
advantaged,0.1053763218832351,0.3419595639452844,0.2860990879502883,0.24542593229730375
advantaged,0.08984226310892557,0.22928144125829153,0.33634436048722116,0.2019611032248138
advantaged,0.1097594488537561,0.26678056298780634,0.27750036150163726,0.26867359157011317
advantaged,0.07611606991295289,0.29473766229621756,0.3334481774243782,0.17248665109327155
advantaged,0.06138686390043517,0.3952431664749181,0.29774375175014656,0.14818631316713746
advantaged,0.084472719748241,0.26228655023222114,0.31820946606116707,0.19820418631658376
advantaged,0.09178955852214131,0.3503870551843335,0.32302012843422245,0.1995349610847878
advantaged,0.04874797787085046,0.4305828680137359,0.28131116625677616,0.12369907538805304
advantaged,0.012365184264981885,0.45088340433648016,0.3524869542494095,0.02718838275291903
advantaged,0.07503402615329105,0.42864912442847247,0.28949174806797784,0.17462348313213152
advantaged,0.13170838031282364,0.30911208231071613,0.30415491258983973,0.28143078857193254
advantaged,0.07527649965655936,0.3469664074556029,0.29829081068942004,0.18165531011738853
advantaged,0.08366375955446459,0.34040530118321377,0.35578126804957466,0.17212119581147092
advantaged,0.047772371346398404,0.34985008726097483,0.3417823496635334,0.10926357997011717
advantaged,0.101483998799563,0.38137772967008,0.2901233080453392,0.23012882121073544
advantaged,0.0477915367750958,0.4381422711754076,0.29450922709685307,0.11592318434782871
advantaged,0.08681417769553931,0.3386342477835165,0.35483731186560785,0.17803936215208813
advantaged,0.07138476757166493,0.45637015551588256,0.30139987235161475,0.15790584319534123
advantaged,0.062094035386163586,0.4232679404583042,0.27243551383648945,0.15760277276860107
advantaged,0.08206681769186813,0.23835752739547872,0.39745015135632883,0.16300627751306096
advantaged,0.07561151993928134,0.3215385987535382,0.2889864417248286,0.19001662605121597
advantaged,0.06764903264744893,0.36489950406216853,0.32866020666469975,0.15141027950386726
advantaged,0.10292725796433298,0.20904795691189976,0.3111637451657535,0.2403098566809642
advantaged,0.12389568185314068,0.37653449763335767,0.23241439291661947,0.31389443710874515
advantaged,0.12378571259898716,0.2507067174808975,0.30965809168543446,0.27252825690198496
advantaged,0.11143184430492212,0.34555414822899344,0.29901806250414364,0.2470791583152193
advantaged,0.03653092154118044,0.4484414726619138,0.31393466774147016,0.08505662068797501
advantaged,0.09497067124393448,0.25439197781592215,0.2786312044643747,0.24172869888226728
advantaged,0.0827739564669383,0.25931308436575917,0.32960399991423384,0.1897878411778873
advantaged,0.059243641602501326,0.2493934145078585,0.29562231385770743,0.15820569110151156
advantaged,0.07532238775098853,0.38600944858718167,0.32007278893410074,0.1668500612375505
advantaged,0.08270500717514351,0.3153913082992602,0.29859789664946373,0.19963273385319716
advantaged,0.09764914586182918,0.23660187572509156,0.2904267502371789,0.2409315875406949
advantaged,0.08150198642681687,0.3360997477673864,0.28252723624331705,0.20375052907281022
advantaged,0.04340426234326965,0.47046981443230196,0.31460227860797785,0.09700672999140186
advantaged,0.05633911132841038,0.40813353510718886,0.32310145059598927,0.12688495533536223
advantaged,0.10399375705087219,0.31767242502032816,0.3189242942167997,0.22670667492034027
advantaged,0.07144161421842712,0.3716007002592574,0.29765215357217384,0.17141299336305155
advantaged,0.03626389037501547,0.4420680873482468,0.31029304835535376,0.08594880395724566
advantaged,0.1040699186702349,0.21515108252707943,0.3385732523140481,0.2266941072632576
advantaged,0.12999162092459463,0.21761378485292668,0.32576630397219486,0.27543415933419446
advantaged,0.05975040826856497,0.39619082189049337,0.3387476440283079,0.12945019402646962
advantaged,0.14912104071429644,0.2952564723243425,0.275247241701319,0.3308985115185795
advantaged,0.06370477760542723,0.3524493799628132,0.3424895773518696,0.14008036163589888
advantaged,0.05790805983518965,0.35481445581633314,0.29854281143687533,0.14497001717091967
advantaged,0.07305247175176632,0.3786144963059004,0.31780708050495876,0.16451767746360765
advantaged,0.09875792774042584,0.28813798801537216,0.3313620990497943,0.21463435637759717
advantaged,0.09588710536661313,0.35992344797576237,0.32154629601863094,0.20608149713913002
advantaged,0.08532295402177323,0.34150934464973426,0.2662652869089902,0.22061961485640522
advantaged,0.0634172392013785,0.4083274375964606,0.29234307619356037,0.15308702287469136
advantaged,0.10740797677664374,0.2681236070809585,0.2926174756482329,0.25410503843210813
advantaged,0.034563948697469066,0.39097545166353775,0.354289831187247,0.07633657575795813
advantaged,0.08430990112936307,0.3230110601535788,0.3120773821180477,0.194827503585518
advantaged,0.08019973213955822,0.4012474486114429,0.29539257586736195,0.18552878268701814
advantaged,0.06554075835917761,0.32134667017409346,0.3435603006854129,0.14607990585710226
advantaged,0.09359460865896976,0.14301402693998855,0.34570936243001804,0.20960786530366068
ordinary,0.1440664278787234,0.09559102672668382,0.3348607148752444,0.29888357948980393
ordinary,0.12269655927539343,0.11494372442698689,0.3194884083895865,0.2748193549580669
ordinary,0.127609632308666,0.16027936042228003,0.3222255718261716,0.2784222700748422
ordinary,0.1167106553631419,0.16613595512096863,0.34071042277634034,0.24986652152000294
ordinary,0.12009749919904707,0.18845421823269287,0.34746616368063044,0.2500164843076387
ordinary,0.11602651289844601,0.0923454345224593,0.3179213692189378,0.2657000395229436
ordinary,0.144078987389685,0.1068920990309307,0.33782988768354083,0.2965726259591146
ordinary,0.12162018608811657,0.12628376538118463,0.31701686423217745,0.2740584429232503
ordinary,0.14747289436506145,0.056538314814701555,0.31081237947133283,0.3210944373167486
ordinary,0.1269539653559747,0.11851654649988219,0.3275033021080839,0.2765140791208142
ordinary,0.1372242262312886,0.11530061296505247,0.3312327652909849,0.29016383840293364
ordinary,0.13366718941890945,0.14703622239098163,0.32534330905629,0.2867165703964454
ordinary,0.13941423535086744,0.12473772557076179,0.3190641692516766,0.3007719829113313
ordinary,0.10964765074253924,0.16054301272089522,0.3442396500614029,0.2368228019924358
ordinary,0.1043487370436764,0.187568085123911,0.32332092613842944,0.23744792694846265
ordinary,0.13024233803073754,0.10421820732002804,0.3258173590581239,0.28335887813822647
ordinary,0.12874527793481827,0.15859060741146475,0.3117520200471942,0.2870315819478999
ordinary,0.11987993856790757,0.12811016420078045,0.33972512782915437,0.2576546393245125
ordinary,0.13305852074819224,0.10941754441443269,0.32132326947210776,0.2903462307219503
ordinary,0.1258858013682831,0.08355837977629868,0.3182231791244759,0.2820360840246279
ordinary,0.12903740886257248,0.09679585099794097,0.3197631746024985,0.285591615172068
ordinary,0.1297311778169694,0.11250211845437733,0.3119323140531566,0.2910975940784299
ordinary,0.12377193734912059,0.12885959750383896,0.3342945448442395,0.26691605321553324
ordinary,0.1343765208375714,0.09571799281400808,0.32600053860483913,0.2899848804630178
ordinary,0.10785396419746957,0.17345981482873968,0.3498957421251958,0.23016011161616134
ordinary,0.12486314421834309,0.13628306656143052,0.31880803219551435,0.2776559944396412
ordinary,0.12290220109905362,0.12469655250725897,0.32170357590847265,0.27330608407066936
ordinary,0.12391385844251349,0.104054338486288,0.32805538215393576,0.2720033319814178
ordinary,0.137686087115862,0.0747037803899337,0.3090869036559667,0.3069872033432495
ordinary,0.12941634455034165,0.07958859358441754,0.3367899602163368,0.27632208202417013
ordinary,0.11990896264875281,0.16435756161364756,0.3345930702051457,0.25854068055662466
ordinary,0.13270168389504539,0.17130424331356897,0.3262529386806126,0.2830558610611367
ordinary,0.12634791607035034,0.08838386763660139,0.32119895448821234,0.2807258989123176
ordinary,0.1496125147284236,0.04994290237991866,0.3128650847133433,0.32295587344940796
ordinary,0.13867103409782394,0.10553348948916036,0.3377524901571438,0.28876109836547204
ordinary,0.11844009523676594,0.15367752427513398,0.3136228649177287,0.2693970148078121
ordinary,0.11856706090815664,0.19689145369086827,0.31924925909325674,0.26307807163093366
ordinary,0.11865804294887047,0.12250670043294437,0.3455936919794421,0.25272342292629496
ordinary,0.11701043668139623,0.10613144859946329,0.32323149391274153,0.2635819887830288
ordinary,0.11197482373139457,0.1037604293454443,0.32189251692255605,0.25601816210615425
ordinary,0.13912879238419246,0.06272163605488076,0.32709278134139297,0.2975931394571202
ordinary,0.14394711655465464,0.06308682423051165,0.331728486804766,0.30177520392663987
ordinary,0.14156061780313173,0.11837824322203952,0.32935059421901924,0.297651302989659
ordinary,0.13102214484243635,0.10391723897427985,0.32345177422992716,0.2860714674641995
ordinary,0.11252250425407469,0.15304215829418177,0.3345356345217373,0.24725790581335855
ordinary,0.11672744636156436,0.1640375287501855,0.3336466862286699,0.25397602286589516
ordinary,0.13063132412718004,0.08625819208583299,0.3225748809776807,0.286708417388176
ordinary,0.11514408787992733,0.14178843328287985,0.33023747295052386,0.2546551874586345
ordinary,0.1431718562617286,0.12233596061033812,0.3274817958812861,0.3010156750740968
ordinary,0.1126701156657047,0.16450796823901756,0.3237917545504374,0.25292507689527627
ordinary,0.11525226037484794,0.18978024737841465,0.33133258191436715,0.2511138588624648
ordinary,0.1349349262897977,0.12140249168575562,0.307062663401688,0.3021443349884108
ordinary,0.13138745626522522,0.07060457476863596,0.3326220131978943,0.28214356046451267
ordinary,0.14054776503105787,0.12473210711439353,0.3194842459811639,0.302200530225441
ordinary,0.13026446429459634,0.08932401914539333,0.3311968555853123,0.28066669627086777
ordinary,0.14673336018602484,0.14451748110479112,0.3220155111975531,0.30851112942848935
ordinary,0.11968660359582503,0.1688060948689759,0.31637955040288934,0.2687497113956506
ordinary,0.13496045951830768,0.08315042442908546,0.3221946195887231,0.2937766144115843
ordinary,0.12860900369602082,0.14798254860647245,0.32959313420744474,0.2762330973701891
ordinary,0.1374233389163998,0.12889734062139696,0.3202632340367021,0.2967481807826129
ordinary,0.1374771175759627,0.05210495339618548,0.3150379155112498,0.3032320380819015
ordinary,0.11819116866075374,0.13818843502105538,0.31335928610253105,0.2700581135526544
ordinary,0.12682691051256,0.14950783607396234,0.3288231262838708,0.27382477515434556
ordinary,0.11284781745959682,0.14708137141665628,0.33980836464918873,0.24523083420760305
ordinary,0.13964534484546565,0.0930689938516927,0.30719046105955766,0.3106544299768764
ordinary,0.12927129256795533,0.10990515020103467,0.3338807043004023,0.2766733789810704
ordinary,0.11981718587380585,0.08628283228969133,0.3296973419064291,0.26508963306925926
ordinary,0.1258063258688599,0.13244586891445134,0.3343703565386456,0.26988557545783853
ordinary,0.12774419337387166,0.0902177314445683,0.3238304873376524,0.2812311355770335
ordinary,0.12332438141603197,0.13694412613661394,0.3190383259996603,0.27499515012742964
ordinary,0.1324002424907181,0.12604484946150418,0.3258395922642683,0.2856530926600167
ordinary,0.13292887270494136,0.07998066334785695,0.32009960868756987,0.29209403366833053
ordinary,0.12524126465153268,0.11320322150064342,0.34443473514791867,0.26414003848609
ordinary,0.12341906720884563,0.10854444372009096,0.3199215342780608,0.2760096972647036
ordinary,0.12600362454255248,0.12045695315863103,0.3255268545333663,0.27612791837047396
ordinary,0.13201062892183626,0.10429577010328922,0.308953460139229,0.297079209290402
ordinary,0.1331435799865029,0.08783271764808961,0.3116418732988848,0.29772159905081697
ordinary,0.12064580904639036,0.15199095918137762,0.3220554292357294,0.2679130342487579
ordinary,0.12277496694241785,0.1145932297450985,0.3180423927097573,0.2758682145371363
ordinary,0.12744574382195786,0.11196235588940248,0.3346986768319703,0.27325808059729595
ordinary,0.11962542647212054,0.1448177788942332,0.3303279578515015,0.26174553310263593
ordinary,0.12842522064958375,0.07147588579129469,0.3165107811470096,0.287586993706684
ordinary,0.1339509038178949,0.1389112216207308,0.34141267100144745,0.27785962342937753
ordinary,0.1258235595948184,0.13538910087850098,0.31783586261246055,0.2798602784452742
ordinary,0.1378497195659616,0.09589057491504022,0.31479267344945827,0.302591486158862
ordinary,0.12394332801175265,0.11460411121921321,0.3030417862080286,0.2875593385324878
ordinary,0.12419984338248523,0.09498716687527889,0.32167391022927655,0.2767360766868927
ordinary,0.126883645068449,0.17681080312284092,0.3413828050298995,0.2647362746065374
ordinary,0.13527626433036588,0.11926238035788211,0.31381461627254126,0.2982157156801513
ordinary,0.1303017005477664,0.08086593473970533,0.3049381376709803,0.2980047591402291
ordinary,0.12951270069376275,0.11810347188432747,0.32364370342883897,0.28294279084291524
ordinary,0.12680888384543956,0.17221473456368622,0.3102519992508369,0.28397876275487866
ordinary,0.1354003702419317,0.07345124993051186,0.3108423185726865,0.30228100589633045
ordinary,0.12261649748952824,0.18147400807080843,0.32567164696133344,0.26691813361462563
ordinary,0.11739781174508487,0.162007525161094,0.31928588604259256,0.2636436771806823
ordinary,0.13241553847928653,0.10607424540745555,0.32076393918273116,0.28985754981470957
ordinary,0.11916928422222248,0.09503925097168231,0.33787523071385606,0.25899374650057505
ordinary,0.10789028115768376,0.17722764629596433,0.3397872071806058,0.23521077156086012
ordinary,0.12056724420120143,0.11531712741798483,0.3197282188149655,0.27117862680135035
ordinary,0.12340335482795152,0.1416837843131988,0.33293747247333233,0.2664371446555402
ordinary,0.12945970475594865,0.12718776113185074,0.32751777095951207,0.2799959613760437
ordinary,0.1257139361578106,0.14280135261388072,0.3424481621887465,0.26449901820989513
ordinary,0.13676911652028617,0.06983441483758993,0.3086178397712852,0.30604004455183265
ordinary,0.12052419669418074,0.1465870345588432,0.32798127724318726,0.2644769120498631
ordinary,0.13555386167608233,0.15623643526016062,0.33540359694065724,0.28278714445957587
ordinary,0.12100074233325495,0.1534990246294355,0.3165332038623381,0.27180668928990254
ordinary,0.1139643649403225,0.1841324845666041,0.3307502069394925,0.24974542426247923
ordinary,0.13066108932796044,0.14399348601932002,0.32685246293544323,0.2813340054678879
ordinary,0.15603856813409747,0.05045174236401165,0.3136169568975877,0.33167527367880617
ordinary,0.1261396463111634,0.12446688027189667,0.3373574692789537,0.2690659401770348
ordinary,0.13658752116512973,0.15838075668958648,0.3347614707541352,0.28457964806151687
ordinary,0.13189700580668706,0.13724732076325732,0.3408666040131924,0.27518230731433574
ordinary,0.12314466803551932,0.14819348666330145,0.33791162230869987,0.26276809844069415
ordinary,0.13911090412604848,0.13557575192024235,0.3391731552934416,0.28704258998224236
ordinary,0.13916750587977084,0.053931710328883754,0.3235200486346973,0.30016848743563446
ordinary,0.1131265881934366,0.15085176026184138,0.3351226754380793,0.24805580108173558
ordinary,0.11639429294146456,0.1326419688899199,0.33232984543659566,0.25599402034894714
ordinary,0.1449495322658594,0.15783019501187018,0.32027006853063783,0.30618733678556237
ordinary,0.10414020193679643,0.15137463127330014,0.33254692045632683,0.23429360133826124
ordinary,0.13255498910844082,0.13083175712239156,0.330546719242027,0.28271872194823994
ordinary,0.12391640468897001,0.10977686262953362,0.30905263019814316,0.28373112667526734
ordinary,0.12589610031123905,0.1256184250754685,0.32048293472077005,0.2788289412395504
ordinary,0.14183549213262284,0.11562114415583576,0.34324021077009387,0.2896219063314207
ordinary,0.12126372927434528,0.16068179883497022,0.3283726139295821,0.2645720384492668
ordinary,0.13283611947230822,0.10930994601526647,0.33604046400347787,0.28087286786988336
ordinary,0.1378079279583106,0.07473240976019452,0.3117620857559025,0.30534351214875505
ordinary,0.1215738423142712,0.14888028244568163,0.31961073600213574,0.27111030311668793
ordinary,0.12137648763489892,0.1215967281769882,0.3428291627042257,0.2586050978310513
ordinary,0.12577348148585174,0.1357226704254495,0.34083346709322554,0.2659041140323564
ordinary,0.15287083329635753,0.06287857873546782,0.30044452984377246,0.33634358456502184
ordinary,0.1416309075354057,0.08048582654398118,0.336457297487074,0.2948911569503809
ordinary,0.12316932950389567,0.10590573599528727,0.3355689686518772,0.2662863038425534
ordinary,0.11283776650469196,0.1401771740875638,0.33166935185061364,0.25010868615155435
ordinary,0.13912878673519063,0.05731009172571096,0.3179224993051407,0.30370904341068355
ordinary,0.14007563191192418,0.10370782235686299,0.33458016440204097,0.2928654709097252
ordinary,0.13359851093626818,0.08382727967003749,0.3330235289876873,0.28487113271960457
ordinary,0.12297708376128517,0.1488940086193904,0.322781658662017,0.2714265354349669
ordinary,0.13620320664075403,0.1302361451855248,0.3260648387583386,0.29109842323784596
ordinary,0.13374289182748633,0.11530607181869082,0.3189077370269313,0.2926874641981531
ordinary,0.1331179872815984,0.09511246548461716,0.31559968260288074,0.29477048343839285
ordinary,0.09789609813061952,0.21255632235613076,0.3288347965040925,0.22133880775707634
ordinary,0.14229007650147169,0.10181884474886682,0.3155540130404024,0.3085550452894769
ordinary,0.1486412476741314,0.11142787078050558,0.3287571020890848,0.3086843232777045
ordinary,0.13504569220399193,0.14058736932663302,0.32963158913954427,0.28652426576440615
ordinary,0.12206401494163713,0.1222984005898771,0.3201485240857248,0.2730288576495897
ordinary,0.11965397853503099,0.12849505624950483,0.34053421495126723,0.25682047361752297
ordinary,0.14130357439700858,0.12765739857747066,0.30924680911192476,0.31009830301220204
ordinary,0.14129126533460884,0.08109096317832605,0.3071202307717167,0.3136708166109142
ordinary,0.13265593311454654,0.07084387194979401,0.3390800303274838,0.2801921182620043
ordinary,0.12389250127104795,0.12128993037466425,0.33422219244023055,0.267525765348005
ordinary,0.13728969831305537,0.09351349690454946,0.32303939472648247,0.29640748355719115
ordinary,0.1226435309208937,0.11680639989957228,0.32235622409367704,0.27286939011438693
ordinary,0.12138715673800077,0.15443534498496347,0.32738102801212426,0.2657528525218651
ordinary,0.1200281581635734,0.15795232359353112,0.33140120001462947,0.2609823939353368
ordinary,0.13006044811954123,0.12227034752053928,0.31419139543379454,0.28965382305697845
ordinary,0.12984554329943565,0.12955024589092456,0.33330793951992177,0.2769488986457541
ordinary,0.13362495474004032,0.12048647564573932,0.3319158905416436,0.28404839246522434
ordinary,0.12496484511200041,0.12299702709182624,0.3299548822299706,0.2716697652342926
ordinary,0.14060078333487952,0.11555365175408207,0.32197201531630437,0.3011173737549459
ordinary,0.12714034871606122,0.1607443322845546,0.3483809116599863,0.2622738892818146
ordinary,0.1453097657123264,0.13776253945712233,0.3168349861540547,0.31030918495088033
ordinary,0.12985783421584185,0.11071064841114867,0.3088044054525981,0.2934678948385642
ordinary,0.11857370411781946,0.06999856643918045,0.34566921370728976,0.2544800618950652
ordinary,0.12915017635010623,0.10744424473728895,0.3251137983122328,0.28194972698800996
ordinary,0.13491890231992631,0.055713959148872075,0.33155774879417754,0.2885910107481368
ordinary,0.12548544336969214,0.14849666752347823,0.29726300876565304,0.292199484884037
ordinary,0.1241210065401867,0.12332157937302127,0.3400400124270191,0.2644178930461091
ordinary,0.1324128748978703,0.07919557992494952,0.3176115065926972,0.2929300475991704
ordinary,0.1263085727340586,0.11962875471658552,0.3238043815567424,0.277714657108684
ordinary,0.12973767975569114,0.13050783889421858,0.3253786103419549,0.28157673256453436
ordinary,0.12735064571213678,0.10347775727120222,0.33725107787166086,0.27197033364463186
ordinary,0.11602543640311754,0.1511264407838305,0.3179371397598643,0.2628615429738652
ordinary,0.13220828896776915,0.10034416049958025,0.32938613314921383,0.2843526999167321
ordinary,0.11735148156852347,0.0845419468739303,0.32767812347527925,0.2623033083318227
ordinary,0.11082630446778449,0.1614778575220092,0.3390733556444387,0.24146335224256724
ordinary,0.1353271500830034,0.10559741086945368,0.32313850639392894,0.2928464717437184
ordinary,0.14018573201664158,0.08711909175792407,0.314078131930697,0.3069765946355075
ordinary,0.13636269089908148,0.10219554991485717,0.3064956473584969,0.3056821058271717
ordinary,0.1307759434577931,0.11808893811750457,0.326622654282941,0.28305392917215744
ordinary,0.14427183044129602,0.056106104900407405,0.29502265133891775,0.3277221082368604
ordinary,0.11987658867806919,0.12844650794924523,0.3301384883508671,0.26314506874768895
ordinary,0.12007253929878667,0.12322546828435735,0.3324800824528403,0.26235098393753886
ordinary,0.12076704375750479,0.16409813863961004,0.324341240042489,0.2659575509925747
ordinary,0.10653484432327454,0.14611080643139368,0.3368916279760693,0.23633683902755068
ordinary,0.12396783096471528,0.10289320884942843,0.32909670133782704,0.2715103848377888
ordinary,0.12929567510529505,0.1232591572033499,0.3272820829574168,0.2800870176778684
ordinary,0.11841655913067962,0.0894081190483221,0.3381294292392765,0.25783607784678
ordinary,0.13379319612865126,0.06371913441217728,0.3231076990522522,0.29198583728439537
ordinary,0.12558454181637832,0.12348585204209284,0.32280853942230847,0.27698904209332076
ordinary,0.13671406895641275,0.09737071783091192,0.325018618800076,0.29410760638410716
ordinary,0.11000913475511621,0.1798678254200415,0.31791302991840775,0.2508466713544845
ordinary,0.10579069489640985,0.13795110499030266,0.32515529357794154,0.2419433984257868
ordinary,0.13879526827525157,0.1632143544333191,0.33161248281335565,0.28946840079232433
ordinary,0.11489634794935621,0.12305988424851531,0.3376269522525851,0.25102167263895137
ordinary,0.10045025719351168,0.13811449423230276,0.3205752138056023,0.23510359240270237
ordinary,0.13422587705037842,0.11402873246277426,0.32105875047789467,0.2921038682417914
ordinary,0.130482787601646,0.12067113387393444,0.3083252344214048,0.2943016866765812
ordinary,0.13675300284350833,0.11689411035880758,0.33395326075201115,0.2876995505721374
ordinary,0.12901589543193073,0.08344525879411027,0.3193814638844368,0.2862968214833826
ordinary,0.1198968180373906,0.14791133586310926,0.30625046812463874,0.2768997391959679
ordinary,0.1378407943185696,0.09883690715931007,0.33144313275398024,0.2916934297473062
ordinary,0.12467781017587569,0.10392593800152282,0.31659795802607316,0.2803433427991377
ordinary,0.14284448688115114,0.10383234925832494,0.32260752580541274,0.3045932482587369
ordinary,0.13272966405471442,0.18086341249611354,0.3126356218907703,0.29111344593246624
ordinary,0.1397489457002038,0.0726047439421805,0.30987383943378155,0.3096827112980032
ordinary,0.12755309564507106,0.12528063940152695,0.3216982596740417,0.2807183760455104
ordinary,0.1187933549268119,0.12103669718812965,0.34672288035394,0.25239138032608005
ordinary,0.12999413845923713,0.11529852388738684,0.32163120438624687,0.28510072841693257
ordinary,0.16450833399782372,0.05500249145267059,0.31766765167913413,0.34049831645009293
ordinary,0.13581235103362932,0.0849285900818974,0.3322629557403808,0.2886619418131641
ordinary,0.11786259517377382,0.1358778804154604,0.3342321665246731,0.2571276206859279
ordinary,0.12875192078971726,0.11015429298402868,0.326190384943727,0.28053650255248413
ordinary,0.13047544462141186,0.1094650344041004,0.3259215705468723,0.28342676482341933
ordinary,0.13608340459251458,0.08623472304737363,0.32437322752678854,0.29398846617690605
ordinary,0.13015772687990523,0.1373610551950309,0.3172449838598975,0.2870048243418189
ordinary,0.1257434377382512,0.149872243821359,0.32056381668361783,0.27716749192753554
ordinary,0.11951379307323617,0.18783099299026662,0.3315546023331382,0.2580212619210922
ordinary,0.12310286935592561,0.1357689486052262,0.333493663138985,0.26596173037269366
ordinary,0.12946524616732769,0.0673767121420435,0.3345839883214754,0.27807599947868755
ordinary,0.12346144471950941,0.13772945589458796,0.3282215860762211,0.26954905916513344
ordinary,0.12968648387843215,0.12006501401859418,0.31135416232322005,0.29104138164837834
ordinary,0.1367347370440528,0.08031929905009316,0.3195670767565136,0.29830205348104677
ordinary,0.13217409473213787,0.12444639161966302,0.3189645915123359,0.2897562385428515
ordinary,0.1361295962940159,0.13730980025733547,0.32607788458623177,0.2905812180629346
ordinary,0.10411204166700669,0.16091597129618265,0.3258371796652296,0.23736775812041788
ordinary,0.12243462239133301,0.1212908181164103,0.34219814844068763,0.26064217663618644
ordinary,0.13652922050943803,0.12324351114889526,0.3253415770586539,0.2924235382066016
ordinary,0.10258658288825076,0.1372395882358069,0.3247610814748052,0.23660256970934268
ordinary,0.12243807836592367,0.12914202540591202,0.3299562809408586,0.2673375409636235
ordinary,0.11129113069553007,0.17695042162628455,0.3419684004957641,0.23968980299922582
ordinary,0.12069270343518006,0.14326690082854765,0.3073813438885424,0.2777639356947816
ordinary,0.14918540500076788,0.09310007845827964,0.3214602649149798,0.31509855503846235
ordinary,0.12256941026922041,0.1187620673799927,0.31942245299998584,0.27447369772116964
ordinary,0.1174202990948135,0.12322341195545469,0.3268484217417158,0.26133581143641565
ordinary,0.11393701826856362,0.14882597627699504,0.33026173746886683,0.25225192984252637
ordinary,0.1087960708632735,0.14679183582885413,0.32352368973111734,0.24757635045072368
ordinary,0.13876123930297832,0.15886306340472256,0.3243887301806746,0.29426704840956625
ordinary,0.12329283963108316,0.14650760979737626,0.3377060306413528,0.2632175785740522
ordinary,0.1274631394836171,0.11029358156533428,0.3240175741552389,0.2798491886504106
ordinary,0.12222075360927132,0.10970039768356267,0.33403571331136495,0.2655095424924477
ordinary,0.12850937078062785,0.12019468333872227,0.3329760399787086,0.2755545522398185
ordinary,0.14531126251308624,0.08474235573870612,0.31102976790400816,0.31686477506972227
ordinary,0.125905700967062,0.07988738301389872,0.3305386092036532,0.27456315771001477
ordinary,0.13535439380197148,0.09418583560196592,0.33298644005590206,0.2871807970827628
ordinary,0.12429506507320143,0.09257634688648074,0.3269825913237916,0.2737148266196189
ordinary,0.1125644347041976,0.13356201193553777,0.3267511819804081,0.2528115650642452
ordinary,0.12022383142160956,0.2064067719178952,0.31200173252625807,0.26949398422242593
ordinary,0.13377074737650752,0.14278136538117808,0.3249677372568277,0.28736921421234285
ordinary,0.12201379747940955,0.15016536719808093,0.33521553402605814,0.262416310282711
ordinary,0.10998913571152655,0.19544381010134337,0.32433893504475564,0.24594554541176178
ordinary,0.13274089675822953,0.0789147850106923,0.3236991093972177,0.28953112370922857
ordinary,0.11607484379021826,0.14038768683666064,0.32989459922667236,0.25646120681868906
ordinary,0.11285973879173786,0.10518516724294408,0.31810271482618524,0.25973350696715236
ordinary,0.12690263974881189,0.15842720870692745,0.3411007193240728,0.266163170199879
ordinary,0.11968445569255395,0.13855632304371246,0.3215110059717177,0.2674581123246843
ordinary,0.13101375884605998,0.0989289785533898,0.3135240243520929,0.2926788667130931
ordinary,0.12184095483708074,0.17323050832704917,0.3238285188179755,0.2673781245830858
ordinary,0.12707102549408178,0.14389458145656994,0.3229914248529195,0.278120730427968
ordinary,0.13389928586948435,0.15877331818699775,0.32170117893722927,0.28862584469599617
ordinary,0.1405498906215754,0.10857200150102872,0.30941118350368507,0.30981881920261023
ordinary,0.12717950486456928,0.1274536578100591,0.33492537502285796,0.2719629580205971
ordinary,0.11785094495867918,0.15291988837193515,0.34194842054734376,0.25182518783052926
ordinary,0.1290156083770278,0.1044303732944954,0.3212085887102917,0.2843220023425088
ordinary,0.13705828705956674,0.0689554006491751,0.31697731756197084,0.30086333415294514
ordinary,0.12628185866775704,0.11231287924704653,0.33370399469004786,0.272013186170415
ordinary,0.1317509369761235,0.1502241849863855,0.31976165588679784,0.2871045300129558
ordinary,0.1262253675057376,0.1393323841336456,0.3178113346089966,0.28029608456214267
ordinary,0.1262314502478234,0.11901285830713504,0.34097171340161425,0.2673816770016006
ordinary,0.12006232061526512,0.12050764116093288,0.3294563299108208,0.26423703785805275
ordinary,0.1262266890839706,0.1180180419170983,0.3226860035551484,0.2783569221951375
ordinary,0.10259662810674565,0.1662172471968853,0.32092030032592034,0.2371434544506074
ordinary,0.13963218300201238,0.12255304267146563,0.30901610131630186,0.3079938853572143
ordinary,0.1173344142462116,0.13767954500353385,0.34656705826281503,0.24933055608420662
ordinary,0.15803260105975858,0.03588932614817408,0.30179318324277987,0.3433886295651749
ordinary,0.12879497507713455,0.08517240706498735,0.34567437630339903,0.2700130821401259
ordinary,0.12495318942318812,0.11735507155264494,0.31848313719667687,0.27898573387889064
ordinary,0.11687730891622011,0.13586894594682639,0.34175452477739243,0.25131694546927824
ordinary,0.12928011371677123,0.14733479603426278,0.3217093298480521,0.2821921732664108
ordinary,0.13833959643924496,0.12665451078486012,0.32501582106455174,0.295184854934793
ordinary,0.1100289269255073,0.12631375083757823,0.3314256731075518,0.24624431720439963
ordinary,0.12246521596398488,0.13995079837306146,0.3335869989523439,0.26466579110576116
ordinary,0.13478096828121794,0.13812441368556508,0.3217929425486943,0.2912088938962934
ordinary,0.1227082199340173,0.12733664079067925,0.3261178758598354,0.2701627374861606
ordinary,0.11853157922273425,0.09217113348294464,0.3264741624074361,0.2646957697273197
ordinary,0.12360044076957183,0.18069145384849233,0.3285400733234628,0.2668235153995356
ordinary,0.12473570576357274,0.10832767908788454,0.32849812457287253,0.2728643493024961
ordinary,0.128353421396106,0.11183885165657093,0.33921533408740634,0.272012796926159
ordinary,0.12632439391837996,0.10591914982097492,0.32569978798746724,0.2771976179202078
ordinary,0.14666833786915273,0.11673314476617835,0.3184685528568214,0.31236834522030993
ordinary,0.11773132928742802,0.14141244923659524,0.3287855789772398,0.25976298980547813
ordinary,0.13073829190574518,0.10422772474960376,0.31438752098525213,0.2914501016883324
ordinary,0.1297318759274455,0.0924867236228832,0.31519801555634086,0.2898069501444692
ordinary,0.11767993053469647,0.19188410981363452,0.3290645298773278,0.25620265745911425
ordinary,0.12898845869043085,0.16577488719428227,0.32278669960644246,0.2798643071861954
ordinary,0.1449156635771225,0.04010703965822999,0.30109671720055325,0.3245609758957307
ordinary,0.10083098997130197,0.21110928850002048,0.3405205276625114,0.2205231282606328
ordinary,0.132474272289751,0.1210380135852519,0.3291068548677775,0.28399050889564026
ordinary,0.12577256588546282,0.09904477891203411,0.31769751535820595,0.28161135196847037
ordinary,0.13449376073973912,0.13087745198975942,0.31946729490855597,0.29267770586063335
ordinary,0.12918937380092627,0.1858009240726684,0.33627661137820336,0.2705593205865936
ordinary,0.11055554439732254,0.1696099661895255,0.31555733921944684,0.2538824523141015
ordinary,0.12585760348990305,0.11468271073234498,0.3088582658470984,0.2868012374590665
ordinary,0.12326814390231233,0.1088418583977446,0.3417911199971549,0.2627439915328688
ordinary,0.13042212517258436,0.10408251629371093,0.3282423363975473,0.28214061301474297
ordinary,0.12430137558055043,0.14848975534107828,0.33952242331659754,0.26364150279718346
ordinary,0.12642565417695212,0.1778459528331096,0.3298017065687052,0.2707190753870356
ordinary,0.1402940799640992,0.1100903010486251,0.31894426803841347,0.30291196123830777
ordinary,0.1439851238109065,0.12295299586358949,0.316883853582298,0.3091581005990046
ordinary,0.1395185092079949,0.10522130998463969,0.3189992698189442,0.30192986793570303
ordinary,0.1188610562215589,0.1599861370576378,0.33962417138313583,0.2542991392253698
ordinary,0.11614210243896801,0.13364541695450435,0.3245111954153751,0.26008475144156934
ordinary,0.14138211968632988,0.11049431710723576,0.3255746036292946,0.30018659406041553
ordinary,0.13598566825576985,0.0861646608341764,0.30706457953505073,0.3053476313465818
ordinary,0.12322789947632193,0.17972047441608163,0.3315529430533315,0.2645242557223669
ordinary,0.11726097124083032,0.1629882450814038,0.3375861272617731,0.2526850067100337
ordinary,0.14734210330539987,0.11122052736846212,0.32441046898858716,0.3096620693349638
ordinary,0.13824964047577298,0.15099871327796557,0.32581027687908415,0.2931117274037885
ordinary,0.13451801416227852,0.09343709241757675,0.3134824567801851,0.2984239664469761
ordinary,0.1206750731244402,0.1407760819904207,0.3357121979188319,0.26053888732060687
ordinary,0.12954984593996655,0.13789909669771994,0.3243201520391471,0.2815340879216154
ordinary,0.14226521637612644,0.09561635286403052,0.30395547915407234,0.31683122036766986
ordinary,0.12092025089845596,0.11812728862138036,0.3273879434984444,0.26696675385328245
ordinary,0.1191323225715939,0.13889967750060583,0.3409969417094668,0.25519008477014216
ordinary,0.13612886363951793,0.14047489342518954,0.33452612195081943,0.2851528277989969
ordinary,0.13265145069057982,0.14275143577263216,0.3397671110235673,0.276653234526159
ordinary,0.11564964776677987,0.09579690295507053,0.33217249680296124,0.25648696085869244
ordinary,0.13360075292970444,0.06773580155481981,0.3367880861120179,0.2830877134924984
ordinary,0.14449200346937086,0.08735821145626055,0.33021133989707396,0.3027641880687266
ordinary,0.12679273214117276,0.11325593227827396,0.3261692917256225,0.2773243580313866
ordinary,0.13034967575864267,0.06152113422328592,0.335940466743062,0.27878320544435514
ordinary,0.13134768829428994,0.08075024185320398,0.3117734219715273,0.2950523493742699
ordinary,0.12327608837687287,0.09968082811044661,0.323448318344869,0.27396480465987505
ordinary,0.1456625004876252,0.08349927688997844,0.32564003202627945,0.3075716246268596
ordinary,0.11903643575794484,0.0967384875590846,0.33789046447381543,0.2587080102789951
ordinary,0.11834902500317387,0.16308020258527756,0.35051240241641735,0.24736541129492665
ordinary,0.11029594075947426,0.16324638662250754,0.33369230091250346,0.24341204895225083
ordinary,0.11415396135919897,0.19185823960048323,0.3294876226649176,0.25020957480192896
ordinary,0.11843859428783116,0.10677696976163337,0.3304716102147427,0.2616147054671251
ordinary,0.15129590079414035,0.08346268617310956,0.3053786241439559,0.3297523691498563
ordinary,0.11631408196103446,0.16060807439830327,0.3399048139387484,0.25002012434929305
ordinary,0.15297777263596368,0.08675435036004664,0.33040894277440624,0.3148388259823249
ordinary,0.13596942833042908,0.10965542133426175,0.32086433644702317,0.29511167845514397
ordinary,0.12164008904373999,0.13298447696958587,0.3398696722297678,0.26012119297677316
ordinary,0.12407794268403771,0.14636236452894968,0.3295182862569076,0.2692607143553582
ordinary,0.1233204883307572,0.1345143973483704,0.32397271533797156,0.2720725632554177
ordinary,0.1261857601901768,0.1461284586873376,0.31683535916120004,0.28045375153852964
ordinary,0.149685728351797,0.10297429953606513,0.3287853392765332,0.3105546700062423
ordinary,0.15302003171757822,0.054124728354922595,0.318699425932466,0.32374515070223414
ordinary,0.1303036169464762,0.155033032055436,0.32866966035957745,0.27898242356727376
ordinary,0.1455203161240544,0.09677424855907864,0.3264391505996378,0.3063291818916851
ordinary,0.14271076053795168,0.09376118108493298,0.31995576479616095,0.30657240878816994
ordinary,0.14052982463351232,0.07391266843924901,0.31979124161217454,0.30412595529272485
ordinary,0.14162361404163798,0.09622288398664428,0.33952542500167804,0.2924162133165456
ordinary,0.1390689468401073,0.13800985461183135,0.32487407061092877,0.2957334745315967
ordinary,0.11770831609876424,0.14445310644329437,0.32983218700417727,0.25894448999205333
ordinary,0.1388420165429513,0.1630449484793403,0.3168815987610427,0.29898521087000396
ordinary,0.12251815911935349,0.09388637257833898,0.32974894554854756,0.2691526218084226
ordinary,0.11647416945315234,0.13824133899825003,0.3405816827278435,0.2511889763060585
ordinary,0.1286613896603862,0.10856155141951845,0.32524488963484743,0.28105187418436917
ordinary,0.1274568740506684,0.15152460257906114,0.31492619284286705,0.28337377338189174
ordinary,0.13312873906073697,0.12900562801996265,0.3175638825524101,0.2919060303719421
ordinary,0.13379545508776364,0.09013261579599982,0.32078702633297396,0.2926346643498933
ordinary,0.12798600464763454,0.1458101931642406,0.3302972389258955,0.2749678277837296
ordinary,0.11992560417894015,0.16000854451513924,0.3478903179875639,0.25143908031984563
ordinary,0.12748031430081458,0.14421400004537072,0.3269680119689924,0.2762944663648085
ordinary,0.13767117940345674,0.12770909006029618,0.3299083600956864,0.2910291633525176
ordinary,0.1272227488455271,0.09459906523809988,0.3163498552670988,0.2849785708091402
ordinary,0.12350646773408641,0.14295043906353255,0.3014481051570992,0.28639637934359824
ordinary,0.12722501817199056,0.08886516034492253,0.3301213465016973,0.27659170599629457
ordinary,0.12519749592231605,0.11260261028511054,0.31793070847766475,0.27995165660236193
ordinary,0.12081781310583198,0.14245537267210395,0.3003716762141405,0.2826733813596759
ordinary,0.1428993286480927,0.11702922188666195,0.3146917785739419,0.30933206991110745
ordinary,0.1321476435879249,0.13501174354512135,0.3332784373470131,0.28020301153736826
ordinary,0.1247295568970648,0.12201531140993443,0.3068923711707159,0.28590652979861125
ordinary,0.12219239717913757,0.16287819626189093,0.334045583605082,0.2625865095840086
ordinary,0.1177883091940709,0.08274233952065521,0.32518602306453054,0.2645644126221823
ordinary,0.11693331198305523,0.10885580601538783,0.32686558096259594,0.2611759307557984
ordinary,0.13087971760132544,0.12342304187778588,0.3479892827734973,0.27027191520095584
ordinary,0.13495863249572987,0.13649890641101242,0.33843198840759714,0.2812716464791984
ordinary,0.114352540807256,0.1309283842198084,0.3429860670637126,0.24681077209308683
ordinary,0.12655971847770275,0.10807635530059484,0.32099162610266074,0.2804057181875693
ordinary,0.13553448555798947,0.12493244838411963,0.31031584444907523,0.30067287904992723
ordinary,0.129289612177277,0.13836235481919557,0.3398747766742168,0.2717321504885882
ordinary,0.12010563545578164,0.11970624743930117,0.3275870114184761,0.26545317236946775
ordinary,0.14386510542364458,0.07318532020667501,0.3340259707213014,0.2999127984547627
ordinary,0.11453958666259513,0.15969627100593337,0.3395635162751102,0.2473912796336553
ordinary,0.13294785576442006,0.1130246026411128,0.31450289188889385,0.2944448669842451
ordinary,0.1437350786724117,0.08191538185625646,0.3288198223301824,0.3027427861002048
ordinary,0.10965177338305435,0.19397764157898767,0.33641612876484284,0.2387776464240699
ordinary,0.13852682349383705,0.108390337246427,0.33548842652459676,0.28980289903978546
ordinary,0.12362798395599753,0.1023120644488025,0.3359781448553837,0.266922686916632
ordinary,0.137951613367854,0.1070918329456571,0.3149152497860225,0.30218059720834173
ordinary,0.13703415287677218,0.10517600898573422,0.3273208842396279,0.29279778360177683
ordinary,0.12361531694378608,0.07623593024523392,0.3410860835299548,0.26487368279752693
ordinary,0.1305544021640766,0.13910692096670949,0.32014439034511444,0.2856669862041967
ordinary,0.1264077989282033,0.15326617329649678,0.34733315168764156,0.2622044809156532
ordinary,0.12416848332658295,0.09360037379506486,0.3208430097465138,0.2772563248770321
ordinary,0.13609716244168737,0.1191031556116498,0.32745371073788254,0.2906426771419908
ordinary,0.11909255360407844,0.171356015840066,0.35317982882873544,0.24659065435545857
ordinary,0.1318905787194748,0.11925923209337093,0.34308311580087564,0.27481573043875834
ordinary,0.12156228463627364,0.13395409924733226,0.3365664358267797,0.2618306323709506
ordinary,0.12421141901982821,0.11656876491191352,0.32465422802648525,0.2739930117672367
ordinary,0.12802621516851612,0.15438144935574277,0.32008895774429247,0.2808021531833122
ordinary,0.13116488218898076,0.11741890395225675,0.3280325553328968,0.28281500912126606
ordinary,0.13030861107116332,0.12578800077079094,0.32850964542380845,0.2807771891158575
ordinary,0.11967398772712227,0.15037593807170868,0.32841756934023714,0.2626215739284042
ordinary,0.12390042186278202,0.16113923897729132,0.34174632121219495,0.26097648436175636
ordinary,0.13753365056741113,0.10193947704073913,0.30587307723200347,0.3079442737761304
ordinary,0.15330517766703794,0.0884831833681107,0.3298935917526391,0.3155713328590836
ordinary,0.1332666154474205,0.1083908283129758,0.3182980988206598,0.2926693540656467
ordinary,0.12476656187303023,0.10617852043880852,0.31657695209186976,0.28040374831567116
ordinary,0.13391405902326498,0.13650695206621505,0.32834115536828956,0.2858420270738721
ordinary,0.1224736098406913,0.08505027250119113,0.31056164093756705,0.2813557305651798
ordinary,0.11744481247482569,0.17424951137384598,0.33519784457284796,0.25358441019491446
ordinary,0.13382503047642802,0.08224835725844987,0.31146144275026966,0.29911197753999713
ordinary,0.12120113994963791,0.11574507018297411,0.3264679276379212,0.2680835458489474
ordinary,0.14134224351950486,0.10760670932068712,0.2967660335511986,0.320079469104161
ordinary,0.14105809497984945,0.07890247047274981,0.326123622762617,0.3006194672572129
ordinary,0.1143432317997532,0.12049906486157935,0.3175970969786978,0.26188284131002537
ordinary,0.1337167681930828,0.10067979591965372,0.3222126902317466,0.29117667189199853
ordinary,0.12869842597803513,0.1114734122443978,0.33108526648073344,0.27739740947025937
ordinary,0.13792565849229044,0.08036580340374011,0.33235859468235107,0.29194026197326184
ordinary,0.12414137753280588,0.12616134307655658,0.32551030562664807,0.27288825577116355
ordinary,0.12663465448239475,0.15897184687793298,0.3408010315264096,0.26588740467538147
ordinary,0.13873842851869103,0.13389412644133453,0.32297189116066216,0.29669932973575547
ordinary,0.13761390648745014,0.06922783794637381,0.3292042517807867,0.2937935278938946
ordinary,0.1327159533646372,0.09555087557411834,0.3203579348240498,0.2910273574853905
ordinary,0.12775209840647397,0.07667441362173136,0.32895461049198954,0.278538155585715
ordinary,0.12513150364044243,0.1469737902812415,0.3291465962705945,0.271114376816175
ordinary,0.1417349429798619,0.06984454078685481,0.3126998443522211,0.31084426399001874
ordinary,0.12131292511361264,0.09023481309658152,0.3380522979648412,0.2625023442202236
ordinary,0.11149032383803273,0.1737221859146092,0.31898641423021223,0.25315515860711013
ordinary,0.15140220322577091,0.10995801276313358,0.3222384970215602,0.31701658089399676
ordinary,0.1179515963056049,0.16673639054778916,0.35450830086594287,0.2444099166311567
ordinary,0.1384115102600631,0.09920153716542687,0.33633086619786856,0.28951229494685393
ordinary,0.1319643668380743,0.13768098899782574,0.3292300480351927,0.28224296819510336
ordinary,0.12706088254838113,0.08706366940931304,0.3115133441208894,0.2881502596743737
ordinary,0.1336420348464064,0.10904734205299924,0.32204605717440293,0.290801961734309
ordinary,0.13502519302056012,0.14373001496983967,0.309456810779941,0.29938422468341835
ordinary,0.13841745191824367,0.12783074556408885,0.3037346291395956,0.30952178656978807
ordinary,0.12250397746612454,0.17343502675834604,0.33186190104873065,0.26364345282254587
ordinary,0.1353389082860096,0.0953608438932636,0.3264697614199941,0.2911736898743716
ordinary,0.12392425290878795,0.14365597665169316,0.3443982887935744,0.2605751699040424
ordinary,0.12594502024701448,0.13702876117171764,0.3314647813937836,0.2715779317471918
ordinary,0.11770013367974361,0.15370072773195084,0.33220350748625244,0.25702003545277835
ordinary,0.10995758899924667,0.10688298264395321,0.3433379575921425,0.2404689458135622
ordinary,0.13166694241738885,0.09156192640825954,0.30803298800854867,0.29768414364887325
ordinary,0.1109579207197782,0.1306606229583439,0.3312154199899022,0.24771477612742107
ordinary,0.1411705271981743,0.10290707101135947,0.3283049190478753,0.2984644861778229
ordinary,0.1328010933460543,0.06204163572817796,0.3153098608973457,0.2955540322062122
ordinary,0.13813286606492425,0.08149278738815836,0.302407203863874,0.3121210742857638
ordinary,0.11877573491261947,0.12234587023213038,0.3264285258401077,0.2638495322020005
ordinary,0.13010787539607743,0.1558641253329987,0.3295915437557415,0.27806427723816673
ordinary,0.14215652908751897,0.08665624988773518,0.3111422879459125,0.31198421240837776
ordinary,0.12038587679348164,0.15990375423733894,0.32059520515153017,0.2678851915504658
ordinary,0.12640474569081017,0.16299001196430768,0.3428250252686601,0.2641214316582514
ordinary,0.13481436353873516,0.0718159130146039,0.3265748812431798,0.2911239859629501
ordinary,0.12537124516836765,0.12972646844299388,0.33188771812824336,0.27081538553446516
ordinary,0.1272371148185809,0.11810558632107479,0.3314939349434428,0.2745608562152482
ordinary,0.14575005124514417,0.06500579292045733,0.3022962024659642,0.32437260351109354
ordinary,0.14289021065650742,0.10053330697787344,0.3234271960446662,0.3042679595561097
ordinary,0.13518888525586792,0.1401252229709367,0.3304595469873083,0.28625520933645254
ordinary,0.12808980065195358,0.18125407602416513,0.33204080091644506,0.27171651226881294
ordinary,0.12624059934343834,0.15685138864913184,0.3115253094697585,0.283289828231283
ordinary,0.1324997705552782,0.14411905703831557,0.331811018096863,0.281107695000375
ordinary,0.11818964414128472,0.12810250965606806,0.3359019416964897,0.2571040396991579
ordinary,0.1400326772910535,0.07506009271193348,0.3048556330117499,0.3135418379338103
ordinary,0.1306422231850582,0.16864508933613814,0.33467868741243545,0.27496783034638245
ordinary,0.1356744180646475,0.10320604296532437,0.3282143139455359,0.29026087592041144
ordinary,0.14203723472005167,0.06399772237051173,0.3170967737412074,0.308482810580124
ordinary,0.1242175631634115,0.1717996613514413,0.31998501455790485,0.27364662487831176
ordinary,0.12599145459017444,0.11607626026023773,0.3259975556039853,0.27602986175460714
ordinary,0.14029169679867204,0.15687721188877302,0.3261174367163461,0.2955764882990598
ordinary,0.12529810112744705,0.1442709935965411,0.32289606183232844,0.27534545125298515
ordinary,0.13460250443767185,0.1236105634846455,0.3319208478620289,0.2853721063429399
ordinary,0.13908732151606712,0.1151775703515589,0.313458553648269,0.30450848734428265
ordinary,0.1223737065386856,0.10963409848628769,0.3210986316616118,0.2735348921445361
ordinary,0.11491575088981691,0.13654651576440902,0.3325025179209895,0.25326592014490995
ordinary,0.12634514796554225,0.10244811569648897,0.3161767390807897,0.2833641503068736
ordinary,0.12572335716918737,0.15269364792457413,0.3234084583413914,0.2751948158557537
ordinary,0.12755442689409144,0.13490203616953816,0.32054673374178333,0.2809304166830927
ordinary,0.12073195885308155,0.1338042658557863,0.3318892961138822,0.2632209251706765
ordinary,0.11525185290701165,0.20302733708130188,0.32925261201925404,0.25127961843433816
ordinary,0.14374605427945625,0.0903734770076462,0.3288736914265826,0.30241451336110586
ordinary,0.12171135969813561,0.14167522853690445,0.3466160328204029,0.25600423728356814
ordinary,0.11863834153433107,0.18212773141134309,0.3361420156730801,0.2544178846062037
ordinary,0.13206798319213842,0.09972990990215527,0.3329854945949118,0.28195637569475945
ordinary,0.12480323015754882,0.1523126434577352,0.3300574048827736,0.269728451322512
ordinary,0.14043848516842114,0.11718357601203146,0.3133942976861118,0.3065029265345476
ordinary,0.13147124486155448,0.09690765147230487,0.3258272673940529,0.28556656082989196
ordinary,0.1310544930350024,0.12153334411656741,0.33480235634967065,0.27832052470984453
ordinary,0.13773215338955175,0.12364446499591822,0.32376400838960945,0.29523140986856916
ordinary,0.13210899696030806,0.08729338817841997,0.33003089771419536,0.2843046363261076
ordinary,0.10693855627831744,0.18527321776639194,0.3304291572165383,0.23811044133327186
ordinary,0.13044085777521494,0.09475742970787544,0.3122570207242129,0.29277877569807353
ordinary,0.1067910892711475,0.17237560098002103,0.33205187749519166,0.23783598852802032
ordinary,0.1273174313259282,0.16913971884328427,0.31001308011118694,0.28517056240838273
ordinary,0.13684799958638,0.09305717049111259,0.3154625921453118,0.30072105044202196
ordinary,0.11523439426148341,0.19768664999249114,0.3191011516684026,0.25761456866242033
ordinary,0.1454364180776624,0.10422385462865183,0.3192978158376728,0.31060180837202084
ordinary,0.13533090010189924,0.1316724788594758,0.3149214373903917,0.29690286768598934
ordinary,0.11291660812280693,0.11799175544579699,0.31703649130403977,0.2599194623994409
ordinary,0.12650438929929583,0.10537779094946352,0.3275346869283096,0.2763812220377811
ordinary,0.140325097683864,0.12580878543684176,0.323521820148359,0.2991687880712366
ordinary,0.11070391538642733,0.15176753069066606,0.33443336234710286,0.24436762459829903
ordinary,0.10843680841049755,0.2031470517338817,0.34245339400441976,0.23288134101072794
ordinary,0.13872727870470455,0.08800606115739773,0.3068954950714452,0.30964648820782853
ordinary,0.1280579702412501,0.15047813108747643,0.329013804837184,0.2755745576360114
ordinary,0.11886332154164828,0.1271381029833744,0.3369024124208493,0.2576698075726246
ordinary,0.1262978684496992,0.11641752666840693,0.3354266138644515,0.2708319389434415
ordinary,0.11598426054995963,0.1500399478335785,0.3458542315625456,0.24687814939676414
ordinary,0.11691197881418125,0.13539977433309175,0.32348991550023487,0.2618742378367288
ordinary,0.1303274555250317,0.12547026041582002,0.3229291678077352,0.28429597401991935
ordinary,0.11581010253641708,0.11975211937410048,0.33884438143777507,0.25198875695380585
ordinary,0.13362596249491573,0.14821680399815185,0.31199159799305415,0.2952241727649762
ordinary,0.1291706477614607,0.13056531229338125,0.32503849552583486,0.28089963139003116
ordinary,0.10785372977304589,0.14288115202079138,0.33384294359206834,0.2403939351666008
ordinary,0.1323452796906773,0.08069884939150057,0.32138099657571306,0.29033725311976294
ordinary,0.1262078441721796,0.1075926931624126,0.32041619790856934,0.2802273061534272
ordinary,0.12961258653070537,0.16374946547402752,0.3232492587871154,0.2806875360754665
ordinary,0.10494835887879761,0.1965683126603157,0.34170145776610245,0.2279585524543719
ordinary,0.13197750611206255,0.16167711296455906,0.33718477965502774,0.2759807655262832
ordinary,0.14271725753474407,0.12659218224183477,0.3253406169363373,0.30150053724298376
ordinary,0.1227995654883032,0.10630008391575402,0.32139074581254884,0.274189753045699
ordinary,0.13869450729685784,0.13783058821893363,0.3078203654097008,0.3065235494250368
ordinary,0.11980372118788256,0.11650946953757786,0.3368239540622404,0.25972985913349267
ordinary,0.1399923370577222,0.10073043734119287,0.3176945155110603,0.3037082871825526
ordinary,0.10721430980592708,0.16757452040903525,0.34204751307779535,0.23350888740356052
ordinary,0.14238344848466994,0.08563124076201031,0.31821954892680704,0.30755443847691066
ordinary,0.1320357036922865,0.14700107118193073,0.3203719485306068,0.28735674236467096
ordinary,0.13115335191505223,0.1147290569317543,0.3281857957443117,0.28283083429877254
ordinary,0.1312297123061127,0.11280136112251687,0.31577583854149016,0.2909263895240165
ordinary,0.13348747828311572,0.11322494286489279,0.322751618176296,0.2899188635542876
ordinary,0.1398037358738658,0.10655097975697267,0.32155383462490733,0.30062078721663543
ordinary,0.13528623336616083,0.08110699181453522,0.3024257133875312,0.30766829019246333
ordinary,0.14404675372101056,0.11331681773109313,0.3420982166936838,0.2936164974763278
ordinary,0.14535313370014968,0.09467577049450215,0.31695326411955416,0.31247106132788954
ordinary,0.13441523846959647,0.08955913273995306,0.33725234950564686,0.28334063015531297
ordinary,0.1322094253588667,0.11692153516603604,0.32370415661795954,0.28716198758528894
ordinary,0.1176412255041056,0.16501466636947448,0.3383825536628803,0.2527224189027575
ordinary,0.1436639281420636,0.020165260729972583,0.3033938411151178,0.3212655878371889
ordinary,0.12342232329034716,0.13183130306262972,0.32473593722955774,0.27191413664583003
ordinary,0.13534576574946294,0.09474085283923767,0.3326648932524774,0.2873438877347305
ordinary,0.11608146158022459,0.14653520472148157,0.34572209416059163,0.24730280237516086
ordinary,0.11733358350886328,0.15415157899961424,0.33940031173774143,0.2523328489424867
ordinary,0.14171055920059422,0.050263577453179026,0.32158789642306196,0.30533633992888487
ordinary,0.14579814738278468,0.07366121330751084,0.30690096002630585,0.3208773622899543
ordinary,0.12924094089023502,0.09815374030712422,0.32623373589808247,0.28178662881845123
ordinary,0.15082766000636857,0.10920622552622987,0.32414742747747083,0.31495424447549736
ordinary,0.13754140436921936,0.09001298033672145,0.30573110247091306,0.3085480003316373
ordinary,0.13071810064798156,0.11906762748384239,0.3427413055804557,0.2732468240430286
ordinary,0.12866668261989436,0.09723091932502786,0.32970656243857044,0.27878896942078063
ordinary,0.14501247333193792,0.05807849269128617,0.3068559445530761,0.32018158171534455
ordinary,0.13710073487617375,0.10420088144579885,0.3199010913918741,0.29771281292136353
ordinary,0.1445252108016446,0.03999189720332181,0.29920492936160753,0.3253537578528236
ordinary,0.12281308723413004,0.11809892442506836,0.31139173807920306,0.2800056308554741
ordinary,0.15580712417337744,0.07590696801777397,0.3166475184345068,0.32850623812855245
ordinary,0.12588068387944273,0.11807093556304316,0.31271590376278047,0.28414368047731997
ordinary,0.13371178973723571,0.16169929070316189,0.33341482201053635,0.28086088893210054
ordinary,0.14820168209211262,0.05120516487875616,0.3144171352005311,0.3197824158364576
ordinary,0.143998995230726,0.10833352942346214,0.31615968043178694,0.3104007028134323
ordinary,0.14471645392840293,0.12697029900289797,0.3411064261201202,0.29449101529962457
ordinary,0.13292383443299532,0.05167967059151318,0.2981187414353206,0.30780740831637393
ordinary,0.12570356480214878,0.1032720559351496,0.31206118075482636,0.28495887569841244
ordinary,0.1369536881561083,0.11085925666944946,0.3120461326439532,0.3024044506931445
ordinary,0.13343303396489536,0.08775162683064545,0.34016610869739117,0.2801808992201053
ordinary,0.13330556914053282,0.1617378694578089,0.33944970477144354,0.2766401682422667
ordinary,0.13309589534991675,0.11429478283879346,0.3148469197821398,0.2943881761135671
ordinary,0.12849974517431947,0.11690741235276206,0.326697972903176,0.27951456588003926
ordinary,0.14101674002837303,0.05467469657894211,0.32538884661463696,0.30171676025093425
ordinary,0.14552615704482585,0.07585562608843915,0.3250912759950557,0.30799261062473837
ordinary,0.1278470288095953,0.15014518618233413,0.3115878504762562,0.286253836431988
ordinary,0.12448460438950294,0.07922606112346087,0.3288731914518348,0.2733311631163235
ordinary,0.14678462488042146,0.12152265676295153,0.3336552504578424,0.30237372485919356
ordinary,0.13311945391368651,0.0877552584011626,0.30572790577024606,0.301707634551262
ordinary,0.13588456470242855,0.11184878347431393,0.3234860189997474,0.293190374209421
ordinary,0.12500958956633973,0.1341945606846378,0.3151886483541758,0.28030419751198515
ordinary,0.10919627118792519,0.18919214399130488,0.32925517272453403,0.2422953729620666
ordinary,0.12097244297041981,0.1270338532057162,0.33709521058805364,0.26094322925515
ordinary,0.12623323040773632,0.13979681562029794,0.3347426606375902,0.2699320264847517
ordinary,0.1065489854368612,0.19228094480697233,0.3534750357617944,0.22497939808624592
ordinary,0.11945626140420795,0.13246746057422676,0.3180707796564398,0.269526338726151
ordinary,0.12759246431454016,0.16050090185399435,0.31765920045506024,0.2812568096952762
ordinary,0.11936416850058189,0.17180668468843574,0.327924165422902,0.26104094026989044
ordinary,0.11875202310302763,0.11624090686005595,0.3208530995232214,0.2674595991098304
ordinary,0.1313988039028991,0.12737769999657594,0.3238554725228524,0.2852802480601582
ordinary,0.12825374989672353,0.13541919213026712,0.3233039245161853,0.2802764604395287
ordinary,0.11436705881835355,0.12996781399345342,0.3379076107747668,0.2496658249385739
ordinary,0.10653370542728377,0.1564883961268598,0.31927163981314594,0.245571139211878
ordinary,0.12138813195149895,0.18116884847442766,0.3438214367455696,0.25454783117283397
ordinary,0.13655934556241167,0.08958124097834397,0.32158898958079063,0.2963849711806389
ordinary,0.12032598596450558,0.1247485639393004,0.32858941629618066,0.2649711196717852
ordinary,0.13755562844386338,0.17273341133801912,0.33249815241554714,0.28640740700991874
ordinary,0.12741090410952816,0.14267689216772356,0.31877960565326746,0.28137539884096746
ordinary,0.142909864926681,0.12798037095966797,0.34157122688037733,0.2915523261728334
ordinary,0.12415836677115266,0.11393548386978748,0.32157468546664936,0.27593053082040886
ordinary,0.1318344591965072,0.08189715045416751,0.3156876409808582,0.2931910527523439
ordinary,0.1316393682831144,0.06716972966543927,0.323198841951817,0.2884911185369374
ordinary,0.11206682746405269,0.1399217369016255,0.3243490718284577,0.2530337294754299
ordinary,0.12042618700490698,0.11150905001613176,0.29989672569877723,0.2839578181239297
ordinary,0.13246749073859093,0.11554774998834857,0.3357291022165466,0.28021234760968694
ordinary,0.12439463339647444,0.19776418851213673,0.3308835906505564,0.26537745997389495
ordinary,0.12920412101641354,0.11066848839616489,0.32507247227299774,0.2819159199564748
ordinary,0.12920222032420156,0.12387889054200114,0.3137119245836567,0.2885244342560374
ordinary,0.14926273212114377,0.12886715048943637,0.3248997629815311,0.3111914951837844
ordinary,0.11374337730803369,0.17172642889582074,0.32327258386632046,0.2545511763168099
ordinary,0.11441677719544058,0.12347170139030048,0.33912259101172776,0.2493884393361706
ordinary,0.14474928989549152,0.04811068132933697,0.3050832725896313,0.32127929789875187
ordinary,0.1241020952744278,0.10235255167499394,0.3143173634857125,0.2809346999861587
ordinary,0.13034530522251964,0.1364243468051076,0.3514155023494801,0.26686848286107867
ordinary,0.10806074574390431,0.12195738669748678,0.35673334651162014,0.229828405964617
ordinary,0.12011558097675674,0.09224601585738361,0.3364161314185602,0.26145107734531753
ordinary,0.12583986568974817,0.07581083159501018,0.3290427778371192,0.27549055845446757
ordinary,0.12119750596274564,0.12345458551611829,0.32945576263951926,0.26592849869074886
ordinary,0.13049037638297928,0.14922426995281737,0.337421355561212,0.2743720197163673
ordinary,0.10499926655010047,0.16259645416098134,0.34044102900360723,0.2309274136717498
ordinary,0.10399197933037113,0.1658573490542386,0.34703697806935374,0.22565474713324532
ordinary,0.13387814480582855,0.14843328173747639,0.3004415532095819,0.30351779637349624
ordinary,0.1387308014524523,0.0836825071224602,0.3381068183775171,0.28949172167450177
ordinary,0.12244154449628447,0.16669471741214797,0.3299458634458654,0.26512960708103755
ordinary,0.14148692578498923,0.08739198768544239,0.3327739135849536,0.2967290761193954
ordinary,0.13038722849250733,0.1108921282485997,0.32557888333011265,0.2834384059159623
ordinary,0.1352624160527029,0.17089279432353896,0.31904428221948616,0.29157385480617354
ordinary,0.14783726215294168,0.059412935089392604,0.317601825034892,0.3168637343886152
ordinary,0.11215039725340116,0.15773603585731694,0.3146135521431557,0.25794065582514425
ordinary,0.12122341421223051,0.13789222344309582,0.3319335523465611,0.263763811759895
ordinary,0.13385576990733414,0.1275688297328248,0.31586185018002255,0.2942254093385718
ordinary,0.12536594310167815,0.10332474372420236,0.30759447711288934,0.2873522021646745
ordinary,0.12600485418182467,0.14913474757606587,0.3164889542635786,0.28020193911678853
ordinary,0.1333457780034878,0.10631403844209156,0.3185171153071147,0.2927432814790513
ordinary,0.1290295901506133,0.14487599992293027,0.33388090261284187,0.2744909911469167
ordinary,0.14358373728633217,0.12124724942799642,0.3347402802459297,0.29707896670765027
ordinary,0.14376672424489664,0.09512796477177457,0.3165788793495775,0.31035269407827415
ordinary,0.12276550009181345,0.15643902655597386,0.32890485941334036,0.26692699314111473
ordinary,0.12821231704838504,0.07593823873003608,0.31904601673798666,0.2854816274585387
ordinary,0.1401772654980652,0.032494697639955286,0.32239436922475184,0.30281595764798036
ordinary,0.13884419428171202,0.11946125457276813,0.3319339633042939,0.29194477287624504
ordinary,0.11058219800928434,0.18677557046220425,0.33816469163278373,0.2398901150144589
ordinary,0.13123278341985428,0.07773809831485545,0.31599817774469924,0.2921788624020051
ordinary,0.11164346412820633,0.16270326121302536,0.3251958638999607,0.2505002107595638
ordinary,0.12916878630594514,0.13852223467841307,0.31647516790272523,0.28587574683685335
ordinary,0.13588564218663327,0.10293399794497107,0.3221570912762976,0.29444810330073645
ordinary,0.12680809564568268,0.1419329666853088,0.33343983619736584,0.27147770600547916
ordinary,0.13152933838574551,0.14101870112749293,0.33866171788502514,0.27570676782846676
ordinary,0.12923916286633885,0.1345864759240356,0.324249369145489,0.28127867502695114
ordinary,0.11788669116479411,0.1156071419059026,0.3219510840563353,0.2653916522170451
ordinary,0.14230925528772015,0.07120682034852088,0.31395503953605003,0.3108109953647573
ordinary,0.1456907825279664,0.1092104503510682,0.3287585015792016,0.3045263269215347
ordinary,0.13409490258768864,0.19112885919852224,0.3185590546813262,0.2885422989553005
ordinary,0.14014152634606106,0.17016054336291225,0.3267717655577773,0.2940091859060319
ordinary,0.13430127737890885,0.08879580179157653,0.3140944221720383,0.29785691740057796
ordinary,0.12813610146586193,0.11410597632324321,0.3401134492892661,0.2710519586205648
ordinary,0.13675273239388294,0.12171827301001534,0.33165564970035094,0.28887606088643397
ordinary,0.14522562712521592,0.13095297718410964,0.31617394808302124,0.31103149698103716
ordinary,0.14300391187344208,0.10070926669212313,0.3411642301414721,0.29324282479642716
ordinary,0.14087059532425503,0.06086856046313516,0.3361555005630834,0.29453818104930607
ordinary,0.12127527648904632,0.1593311720248946,0.3253676738320218,0.26646994906897425
ordinary,0.11772695798811703,0.1380878680148775,0.31847993676322345,0.2661110821434714
ordinary,0.12419396452879286,0.11571668760082265,0.32480561648196693,0.2739122376634128
ordinary,0.11593880791759284,0.15850091025340401,0.3231744810609187,0.2591150211318598
ordinary,0.12568597903830692,0.06405490446364968,0.3239669165561998,0.27869053152777634
ordinary,0.1296972983742698,0.09205202806520703,0.30181894252176056,0.2987758998177284
ordinary,0.12751314403978242,0.16775215541485322,0.3342420154231767,0.27047968846021736
ordinary,0.12282419502905967,0.12497903047017739,0.3384919016628761,0.26318315013851695
ordinary,0.12702337845235612,0.08576712445801238,0.3090701355520816,0.28975376089135163
ordinary,0.15260906786842365,0.05779376599452131,0.31782862588790756,0.32366521659511593
ordinary,0.13787625377242818,0.10396021726720633,0.32785739478543097,0.2937814295985662
ordinary,0.13286123903484903,0.1365721074585069,0.30218843518999405,0.3014139922293616
ordinary,0.12500053130200767,0.14938400479982744,0.3165038102893665,0.2785660501025629
ordinary,0.13107874271562459,0.16043493355961763,0.318520143596715,0.28618938442640185
ordinary,0.11329471606094757,0.09566321634278305,0.3072188474788883,0.267614127250893
ordinary,0.13948170223423245,0.14750938763420213,0.33122567201805053,0.29175705113247075
ordinary,0.13363475511030348,0.12021228307716786,0.3159015333445653,0.2942405936155129
ordinary,0.12016998883588188,0.13395127806391657,0.3291170680710965,0.2639356788861809
ordinary,0.13281710653659454,0.1188255430874908,0.330266129821433,0.2839105473223021
ordinary,0.1311907141083361,0.09840524590639503,0.33675213438380014,0.2783972278644415
ordinary,0.13915783345684424,0.14921490761113004,0.3184063704826653,0.2993832742795029
ordinary,0.130644426625636,0.08971137659290122,0.30445639647436806,0.29856737329038907
ordinary,0.13026111764256246,0.07709862204828097,0.3458412430712758,0.2724156849472938
ordinary,0.15104740904454328,0.14044771030438336,0.30889223174705194,0.32402807041087645
ordinary,0.1389282356360057,0.1013089648544426,0.3226923735804958,0.29879166212096864
ordinary,0.11928351089122964,0.19593341067830378,0.3327374003474737,0.25635573721583477
ordinary,0.13726218741565482,0.12243665875122908,0.34144786433493435,0.2836543547124609
ordinary,0.13378488871208205,0.11991172253263097,0.3184186847471858,0.29284278159063487
ordinary,0.1284718491660931,0.11581760632864319,0.32197895601540916,0.28246220336356176
ordinary,0.12578175775229355,0.13081704610174938,0.32823666789699424,0.27359718735054706
ordinary,0.1470213550012051,0.06839075186543234,0.32121972174162206,0.3129774871109875
ordinary,0.12293840689972117,0.13863332749585858,0.3324151350247748,0.26617679359667656
ordinary,0.12984183666616028,0.11640509786220699,0.3148308954095403,0.28918175292221987
ordinary,0.1430997782180235,0.10588709632501098,0.3058214922953768,0.31632016644729954
ordinary,0.1359385062941017,0.15589500126074957,0.3235077210257218,0.2907748445344974
ordinary,0.12681483509108185,0.14369537188356452,0.3413885183012012,0.2667533548974199
ordinary,0.12553117573064076,0.15387573993448594,0.33938857094851305,0.2653091391984324
ordinary,0.12239758610851162,0.10375748690113314,0.3213283534787449,0.2736836384638902
ordinary,0.12701925548091636,0.15996720376911094,0.30340676476759676,0.2897377050539917
ordinary,0.12962948262751095,0.17795815602109666,0.32936750432138506,0.2759430928809826
ordinary,0.13563462653217162,0.12772961324824056,0.3215285996182229,0.29326664415484693
ordinary,0.12340727807747426,0.09723236618515607,0.3409284224769485,0.2639221783750109
ordinary,0.12302801441645722,0.161719009839367,0.33469043435529167,0.2636088510746505
ordinary,0.12739429302948585,0.11688035552764141,0.3276847306241403,0.2771745732096225
ordinary,0.12892586532791728,0.08823803913126418,0.3328854862722811,0.2776040828084441
ordinary,0.13281628078272784,0.0955850562134237,0.3196034267211893,0.2916688541743051
ordinary,0.14926632825838537,0.08782456834256609,0.30876267840055277,0.324189638578529
ordinary,0.12452652780859674,0.12348487890800702,0.32014793047986867,0.2769522064205271
ordinary,0.12718547527502044,0.15670312405691292,0.3266893364988136,0.27523431610461424
ordinary,0.13321977663114465,0.11346428118520302,0.335845745030819,0.28138347027228566
ordinary,0.1447654936470532,0.09258673997125583,0.31079280433364975,0.31591249585425635
ordinary,0.12801298769497182,0.13098267139436298,0.3319497230185916,0.27484918334826924
ordinary,0.12812402759330827,0.12812879378078224,0.3203437969235319,0.28232675604533575
ordinary,0.11467799507913903,0.16588666377591763,0.3265971974284385,0.2545475773046602
ordinary,0.12467531219666611,0.14693139272213496,0.3165016803123364,0.278193340416042
ordinary,0.13465685172115546,0.08456617902958742,0.31700150847820824,0.29663908354091834
ordinary,0.1455087440959959,0.1088460088323332,0.32814778289937063,0.30467238380926287
ordinary,0.13037104287695983,0.14933149438018067,0.34462272919896364,0.270000898526112
ordinary,0.14615366821501852,0.07169966489749112,0.29577491830436786,0.32957801135081943
ordinary,0.1401503886030657,0.11558752548780066,0.3237120399531166,0.2993093505626379
ordinary,0.11639538936251626,0.19954455653556574,0.33300670370801444,0.2512790723597843
ordinary,0.1308183308852907,0.11723742426118841,0.34048800244092936,0.27479873591400406
ordinary,0.1303667253785052,0.13036552742569463,0.3375447121674101,0.27518202139415116
ordinary,0.11716962039507119,0.13954686841074077,0.33308154118866157,0.25646376205236787
ordinary,0.13363971456819462,0.11163195946841079,0.336897322457826,0.2814721993651762
ordinary,0.1254148478304458,0.13828241242924375,0.3169219699032196,0.2796223223149369
ordinary,0.12164035450399183,0.1444653140832341,0.31945338852252325,0.271577500288825
ordinary,0.11477237230200193,0.14409677954922062,0.33418812032820894,0.25166804053273206
ordinary,0.1284396380713517,0.12178543228870878,0.32315014584623786,0.28138522596225457
ordinary,0.12816724651132355,0.14761848675960182,0.3177280734312602,0.2829466197156009
ordinary,0.14943173508006474,0.06973229444457066,0.3209437976641225,0.31663037463711996
ordinary,0.11218166331233673,0.12738382826751607,0.32919822361125817,0.25107253499910787
ordinary,0.1413959143073499,0.07183743906781873,0.30646835897176394,0.31459482087817014
ordinary,0.11543550599596483,0.16267135388622303,0.3151945257420289,0.2628328481667686
ordinary,0.12531938061512496,0.0866201367183557,0.3166202017920544,0.28203922737945
ordinary,0.1296725833199218,0.08833867678351251,0.3078331233481879,0.2947594239975803
ordinary,0.14158142120703054,0.039081217865602244,0.3279520203671735,0.3012145698083575
ordinary,0.14513538378040053,0.04223983289553365,0.32619995232956434,0.3075433991600658
ordinary,0.12630673782352558,0.11729141942355137,0.32094410016108255,0.27960810297175354
ordinary,0.10225168417394431,0.19440285564004386,0.3429068489654056,0.22295181491397378
ordinary,0.1241758461217343,0.061720542674273265,0.31826583136156505,0.27989046421781116
ordinary,0.1337921652258007,0.12307263932092426,0.3243188026086708,0.28890622450727643
ordinary,0.13813290043185902,0.1053633077697592,0.31728164948679266,0.3009586318899556
ordinary,0.12322569041009437,0.1405612109802849,0.3401461101018609,0.2620553757712188
ordinary,0.10806042635950244,0.1716928173862716,0.33383109603691463,0.2390552175702375
ordinary,0.12200355398659032,0.21119802339421234,0.3186498476352638,0.26782757040300503
ordinary,0.12712312395228592,0.10735954582555776,0.31594380946584943,0.2845502922031193
ordinary,0.12377879678137631,0.09311469657456066,0.30708465004958607,0.28550111142191853
ordinary,0.1224692426143364,0.0806379417352405,0.3279993695258211,0.2705812661717391
ordinary,0.14187293257444133,0.10433424952613589,0.3354747419984657,0.29492976668248727
ordinary,0.14259507094206475,0.11790724399019914,0.3261679849162492,0.30123932445417995
ordinary,0.12367254663935831,0.08991728534646204,0.3322360424625346,0.26966431802758617
ordinary,0.11064979551322554,0.1516382832134336,0.3370850763323326,0.24282970548174815
ordinary,0.13674489947597052,0.153086626952739,0.3193308612882746,0.2948746786394411
ordinary,0.1400012982658758,0.12579723037243107,0.32430401496417804,0.2981796730547609
ordinary,0.1396343333440369,0.11155759194114989,0.3212815331081299,0.3003117298007518
ordinary,0.12246847849514339,0.1496723694372536,0.34104411233687754,0.2598372343113329
ordinary,0.110675987183084,0.14448334155222192,0.31147890628611374,0.2581088518044911
ordinary,0.13118908426376535,0.1625894982760916,0.32690289621009555,0.28093780600030727
ordinary,0.12764345519433407,0.12017972314842254,0.3297139044790418,0.2761714002897247
ordinary,0.13369534674819078,0.09545417853854353,0.32074055129185197,0.2923036147176138
ordinary,0.12993612276136413,0.1127918886089597,0.3184694391906116,0.2871457244826423
ordinary,0.11755518956524036,0.14210884623882164,0.3313630739414706,0.2579389895183512
ordinary,0.1410991927087013,0.11968245413982533,0.3200244241340109,0.3029347369511473
ordinary,0.10919179407222471,0.15073693917662287,0.32710966054810553,0.24597914100344856
ordinary,0.13339961185843752,0.08964881897670815,0.30978705202290185,0.2993058996760136
ordinary,0.11833066931452643,0.13516606057822522,0.33718831465492544,0.2562412376677775
ordinary,0.1257783497948535,0.12211719159026506,0.3326805720161844,0.2713692839647831
ordinary,0.1293086511000892,0.1037032796191136,0.31925114782239994,0.28606180339292536
ordinary,0.1376910102851709,0.049588251580683834,0.30794118200612275,0.3084536258360316
ordinary,0.11727666667956388,0.12486680380611331,0.32206636937577215,0.2638726812252367
ordinary,0.12790921028236196,0.14891550216879776,0.345116610808863,0.2660050115626483
ordinary,0.1319647708413456,0.08925836979504216,0.3339869146862703,0.28159456102146774
ordinary,0.1367072422698229,0.1272503315050978,0.3170168901574689,0.297874791463219
ordinary,0.13323279766428275,0.1789786400447534,0.3340552701756563,0.27852977352374986
ordinary,0.11689231224901861,0.09312790272872898,0.3237094825387332,0.26360711649724083
ordinary,0.14205746379932518,0.09552808546452016,0.32840702049650716,0.3000227323492745
ordinary,0.12513006162632223,0.13890831155899952,0.3253190633226669,0.27389757726873676
ordinary,0.12768083005566605,0.12187815725336984,0.33958122808153385,0.27029127840948175
ordinary,0.13801528807492197,0.11585724567119371,0.32143350309987273,0.29756085139007005
ordinary,0.11531809775039807,0.1788614476837356,0.337806610831329,0.24837580382744626
ordinary,0.13250457131254678,0.12248872431683802,0.3410752024728821,0.2767574762132616
ordinary,0.12246317232050014,0.10237074693457959,0.32101857928759026,0.2740394263029771
ordinary,0.11977607942274997,0.14655564778573793,0.3317600602883556,0.2610534178312656
ordinary,0.12415034339131997,0.18921124362240488,0.34017519422580234,0.2602970998184361
ordinary,0.12286282443386251,0.15277315454384072,0.3311357989242186,0.2659875679815829
ordinary,0.12723849173811413,0.09296715678562481,0.30200887149585276,0.2946151445463743
ordinary,0.12389943201096247,0.05874480523343157,0.31533756627145954,0.2813792351004056
ordinary,0.13983018235268946,0.12997608776138825,0.3019250540238788,0.31285871460290887
ordinary,0.130113068503979,0.12158028359904127,0.3164361515623286,0.28830925529647194
ordinary,0.13378348767565323,0.10902151972811938,0.3195189194843848,0.2926495005861202
ordinary,0.11984870745113582,0.1448180041510092,0.32690714124541753,0.2641243221883885
ordinary,0.13958119248425002,0.12435438846046168,0.31779191870566975,0.30188552657459916
ordinary,0.11674811460444498,0.17127661677267403,0.32796775522984933,0.2567993303754445
ordinary,0.13071580003589306,0.14845720354629843,0.34653138727604926,0.2694856096830712
ordinary,0.15200586508738345,0.08744791176938964,0.3035047277326415,0.3319996887418998
ordinary,0.12022631780140663,0.14685059779248877,0.3362555514999321,0.2591681657915041
ordinary,0.1486260887189895,0.1182487539594537,0.31835223069718044,0.3152244531634729
ordinary,0.10142351797064714,0.1958488288896012,0.3320224008039496,0.22705612678346507
ordinary,0.12638968833655206,0.11669104798541258,0.34780533175423933,0.26386354796521805
ordinary,0.13148020297540464,0.11090503752570485,0.3351450022469738,0.27927047216226086
ordinary,0.13733858904250104,0.08624026933304699,0.3183215639600931,0.2998362111745399
ordinary,0.12699126754450282,0.1025185552597419,0.33223863294489686,0.27442213462893655
ordinary,0.11192288035694598,0.1292003736872093,0.3170499193827199,0.2576760044669479
ordinary,0.13083898956691487,0.1296167327928681,0.31726609867376077,0.28849255605556745
ordinary,0.12113327106425545,0.1600843699562164,0.32243985360800753,0.26796217324474875
ordinary,0.13612693341972903,0.08731749061102449,0.3085001410623441,0.3045363955665059
ordinary,0.1344158564079988,0.08276751093896617,0.31585355608502785,0.29708570421883984
ordinary,0.11843626081662642,0.10781966215218725,0.33557026591776395,0.25862074661583334
ordinary,0.1293638509736645,0.12369431100586754,0.31671017955334035,0.28684093671710686
ordinary,0.15126325624567563,0.06749704396727607,0.30539910981207424,0.3302257949160576
ordinary,0.11022465901759576,0.1533603723158806,0.3412636863451598,0.23977103434503658
ordinary,0.11508297917385418,0.1273047195396161,0.3277982966039723,0.25672048290069355
ordinary,0.13039889347382283,0.12814937037504998,0.32769675125244835,0.2812945878802343
ordinary,0.1404492720748194,0.09025578421590544,0.3147790697272025,0.30678263862218136
ordinary,0.12937952526408267,0.1092994302448505,0.3166842462417449,0.287578602422565
ordinary,0.11068390179948323,0.15947071459293938,0.3306003462049114,0.24601282520639423
ordinary,0.14393536388096007,0.10401303779004657,0.3052589306639033,0.3180660603272746
ordinary,0.13547063702410825,0.15248256825975884,0.3067577133766878,0.30136025496202135
ordinary,0.14062609367569026,0.1711075941950606,0.3345698677879581,0.28977930631022825
ordinary,0.1186719610006125,0.16137802204990626,0.3231102208719122,0.2634684519304136
ordinary,0.1249187618214894,0.11914473923122713,0.3202041496894703,0.2777615515665081
ordinary,0.14039787486371003,0.06978625986685305,0.3302909060895761,0.2972609063680107
ordinary,0.12069024268098236,0.13852564591544397,0.32447770562091666,0.2672998655269578
ordinary,0.13869398087918317,0.1653093882323477,0.3130569669949863,0.3011510256522662
ordinary,0.12667098985428954,0.14436725012336277,0.32920959740028416,0.2736536544017605
ordinary,0.1201566005076341,0.1358789845462019,0.3351546047039642,0.26029579910237216
ordinary,0.15997608042516778,0.08835422234557752,0.33802156148276274,0.3195321945456891
ordinary,0.1452362358755461,0.07783263392402792,0.3275321596205281,0.3059120667243294
ordinary,0.11616179849585426,0.1987886276702051,0.334534426326102,0.250100816983914
ordinary,0.14736334119628486,0.05625701602236788,0.3292897406102027,0.308486059071784
ordinary,0.1261078582592902,0.1001231453434133,0.3248682979550681,0.27760806967322954
ordinary,0.12911718725744697,0.09162372000625937,0.329010463944312,0.280133505227987
ordinary,0.13410964909918482,0.1465689661322258,0.332330475671215,0.28308933683443893
ordinary,0.14499693079445353,0.1641560432512707,0.33092160938753445,0.29891164713008944
ordinary,0.1400585279471789,0.12007644493569536,0.318986361252803,0.30203811814658166
ordinary,0.13426680097249705,0.08077163670639928,0.3126370478786019,0.2990638955341917
ordinary,0.1296262308831712,0.06346576905151938,0.33297447359892096,0.2793985996808176
ordinary,0.11191149149229193,0.14439643337044064,0.33773638517545185,0.24496881636256035
ordinary,0.13388430883148766,0.1178806261178015,0.30849550239031304,0.29970049177220925
ordinary,0.12454435208081267,0.15989568879578747,0.31264977041245046,0.27962532775749
ordinary,0.13455916222286,0.14991171936020464,0.3316000291807753,0.2840102661442382
ordinary,0.11628236583368999,0.14344838853461844,0.3226989162508507,0.26086251783120556
ordinary,0.14408918562965717,0.09933011750854563,0.3213585418725053,0.3074558547370374
ordinary,0.13478541241716113,0.10762566329103099,0.3020593331930671,0.30606296463323035
ordinary,0.118148561462286,0.17960278646645655,0.33504697559136387,0.2544312270983684
ordinary,0.12126431062634278,0.10901082044847626,0.3244956780191168,0.26967852764748684
ordinary,0.11963817697616619,0.13195995302226415,0.33966550702336973,0.25710767274210866
ordinary,0.10307579342877515,0.17369955149353483,0.33514799147133456,0.22974640586839915
ordinary,0.13668207404812,0.11543830741522156,0.3174548304862333,0.2981561645708373
ordinary,0.13220023939981218,0.048056411375121275,0.3132256134557654,0.29631284051369344
ordinary,0.11811681967843216,0.09485281892284783,0.3315352375308431,0.260938238940379
ordinary,0.13280840772058122,0.1902212972211888,0.32749713321206764,0.28101614559986593
ordinary,0.14533408687727029,0.11525636896869271,0.31178757104312405,0.31504017708803567
ordinary,0.11383118770022393,0.16133805600212414,0.3495909066084758,0.24077745929867408
ordinary,0.12596684741607433,0.11847917276812787,0.32324817675710354,0.2775718018912751
ordinary,0.1441247052293712,0.0819232929243871,0.3104312308212284,0.31561067887686833
ordinary,0.1313780604683832,0.1709167368606621,0.31697538669875036,0.2869194823657056
ordinary,0.12962402205973617,0.08898087196109472,0.31728978029481564,0.28840843004021594
ordinary,0.13480291348254633,0.14451855496283444,0.3098675818420682,0.2987121475202879
ordinary,0.12761360872722752,0.10545735840924551,0.3189602822740093,0.28348435836452957
ordinary,0.124761253023662,0.0994844496945807,0.31661689317254615,0.28065053661023565
ordinary,0.11424825967627658,0.13143511856154366,0.3431715823231848,0.2465156231050551
ordinary,0.1377791498905358,0.12623272534357854,0.3188029144993241,0.29838838090742653
ordinary,0.13047059604736036,0.12285982102899315,0.32054185800166246,0.28616677141042646
ordinary,0.12894228263625063,0.10322519682547524,0.31256976151953986,0.28983708436080297
ordinary,0.1217592794444966,0.14198840663020085,0.3491689100668568,0.25466657652904684
ordinary,0.12102001019867117,0.15378589032297607,0.3344102733157148,0.2610830552865045
ordinary,0.14637407322826346,0.1032247122262756,0.3175246152940938,0.3132212519020476
ordinary,0.13086967554423476,0.12870705760500373,0.32700599240771644,0.2824216931577744
ordinary,0.12040478435683835,0.13716453670888118,0.3177928337258966,0.27100417424417167
ordinary,0.13434341247015666,0.135411304682579,0.33205392020469715,0.28426471652138297
ordinary,0.13904156186691843,0.08095315865797327,0.3267454205480126,0.2971339210780222
ordinary,0.1489490938911941,0.08035672006239888,0.3046291964851454,0.3269595800628206
ordinary,0.11357702666197975,0.16654032744213454,0.33616837214184836,0.24726390929801165
ordinary,0.1338465177667365,0.1191078481758014,0.31704536885478307,0.29387466113213984
ordinary,0.11133940136369515,0.1321150686874532,0.34168976726081035,0.24251714007821462
ordinary,0.14412734995201582,0.0865112131807215,0.33156579610231895,0.30139973104028756
ordinary,0.12882462841894865,0.13083027454656235,0.3438636878179528,0.26912665928386864
ordinary,0.12261225444051534,0.14290458687239282,0.3419010357500813,0.2599694239719669
ordinary,0.12571518989591282,0.16002814234314183,0.3304276942481239,0.2704557484948473
ordinary,0.11362778647809649,0.12748909825902277,0.339709023678949,0.24758233731344687
ordinary,0.13789451636136213,0.07763730084253236,0.33815255068688943,0.28842332494805795
ordinary,0.13193218563592402,0.12537219048406617,0.3316577752541755,0.2813735327184686
ordinary,0.12177740652190547,0.16033752418301128,0.34285584641198563,0.2570879169718622
ordinary,0.13051901121913537,0.09152877090114304,0.32008284838668327,0.28792693571380096
ordinary,0.1393737679658601,0.12279658574067517,0.31703184692819814,0.3021592401263263
ordinary,0.115171029693852,0.14933030550081028,0.3246895378604836,0.2574999994427247
ordinary,0.13269122571319714,0.10221358055068572,0.3317364991673155,0.2835705698402446
ordinary,0.14773784767117515,0.07126453363422294,0.3147367524957429,0.31834482881202353
ordinary,0.12577795579750356,0.18910761948501664,0.32440890367807107,0.2721179351348574
ordinary,0.12722472019814995,0.11529417439511552,0.34528471924884296,0.2666284664330908
ordinary,0.13626156551709218,0.12295590316570937,0.31153181230380106,0.3010803226233676
ordinary,0.12361003954787575,0.14640622956092508,0.3262759266464494,0.2704620685651152
ordinary,0.12057832137120866,0.08692654575563721,0.33307031002270515,0.2643191709937948
ordinary,0.12562109968905297,0.13371380215381845,0.3299882948163876,0.2721328655470921
ordinary,0.12901379918746725,0.08172307732761044,0.3313131644343,0.27891584625961374
ordinary,0.12882722854431555,0.07457244107192214,0.33525684123327537,0.2764776793679287
ordinary,0.14643396025367988,0.0961975556254728,0.3259824422883698,0.3079829793523472
ordinary,0.12778398791643525,0.12370017645162043,0.3207957190305953,0.281732646208045
ordinary,0.12733755255896273,0.16002532785910467,0.31727919398200866,0.2811261538523313
ordinary,0.12301644461122513,0.19019555194334603,0.33877658858847964,0.259250511356491
ordinary,0.13520747691476076,0.10481641084108231,0.3189927277174457,0.2953780996973862
ordinary,0.11525024119506197,0.17427611976188412,0.3385750250868549,0.248153832882647
ordinary,0.13313768835254783,0.08220712356161541,0.3251370834546238,0.28912366198909945
ordinary,0.12997333495791746,0.08244799408600748,0.30916307177553637,0.2945555446225208
ordinary,0.14399579250631583,0.07469372669319269,0.30530962160095376,0.3192681534096875
ordinary,0.12353962974250596,0.19174661873533672,0.332226741329149,0.26372138783026705
ordinary,0.1318352803017468,0.1498180265623743,0.3373136350621192,0.27644572086057867
ordinary,0.12137582843655276,0.14615561982591263,0.3479890668760476,0.25447762478308694
ordinary,0.11416059479176568,0.1688257274680388,0.342748280665812,0.2444737994092214
ordinary,0.1384695276986252,0.08739265422275833,0.3178197972701349,0.3018505734467985
ordinary,0.13078989138187436,0.1613240491012089,0.335724759425697,0.27506598816801475
ordinary,0.10678645326270952,0.2048534606266364,0.3292523500533228,0.23706032750803743
ordinary,0.12000299472126913,0.15855057601902242,0.3385492705005415,0.2568105024487754
ordinary,0.14261875224858406,0.10342665848567642,0.33651819993887994,0.29541414641008357
ordinary,0.11684725377404492,0.11692778845833197,0.3286498288053425,0.25963015641774667
ordinary,0.1150074427385181,0.13677168383894567,0.3247600135613571,0.2578882824755146
ordinary,0.1310401207564773,0.09444376556438346,0.30738619038534376,0.29701330968333045
ordinary,0.12162267154864143,0.09270170067373151,0.3271926107186373,0.26928437820650625
ordinary,0.14122397238237688,0.14168020075800286,0.3153740890193638,0.304980954887785
ordinary,0.12281295370777924,0.15026952530084708,0.32501732040054,0.2697176120607634
ordinary,0.13291915084032432,0.1386968642018187,0.3255732915149995,0.2859224800067468
ordinary,0.1527390838565848,0.08762006425321181,0.294349894670208,0.3398988642708793
ordinary,0.13348413523920327,0.10276891314232706,0.3206818635007337,0.2917118430515888
ordinary,0.12472840316385932,0.11059886774012206,0.31303699187388334,0.28241975838339456
ordinary,0.125746918949472,0.1403849373988428,0.32175570992700187,0.27699313249887986
ordinary,0.1297315898250232,0.0789744466814348,0.3349949314230173,0.2778996032977507
ordinary,0.14008438940378048,0.10626209477090738,0.3289235249667069,0.2963090811042955
ordinary,0.1387698566941778,0.09424857975519463,0.3291611318809014,0.29470256338915035
ordinary,0.10637160403537882,0.18115048650734694,0.33604725094171195,0.23439132559166032
ordinary,0.13381166245659643,0.136264297771306,0.32333987268899445,0.28884232740602883
ordinary,0.13968115858039137,0.0643624396699373,0.2974951335512652,0.3186057529413067
ordinary,0.12036156645453364,0.12957368238784692,0.33061480650894504,0.2635912773769779
ordinary,0.13251665551981123,0.12428402735490521,0.32616386237753353,0.2857208390633969
ordinary,0.11708116626467775,0.20760604719992076,0.31478839812267867,0.2624854998696562
ordinary,0.1267843604561653,0.1635917515372344,0.31838118676900495,0.2793096473876556
ordinary,0.15263875021403536,0.049865132306384716,0.30644676887612743,0.33193203588865233
ordinary,0.12401256071360059,0.15782167475780834,0.31716071338163626,0.2760283018115731
ordinary,0.13076789274159112,0.0940527729503142,0.3301181291169208,0.2819292602092526
ordinary,0.13234370665574838,0.12338862237472054,0.33585963076001263,0.27956250327559923
ordinary,0.11171345341024622,0.1695625342048519,0.3313109288183794,0.24669953590559812
ordinary,0.13607129456340536,0.1300047125195187,0.3333613048850746,0.2863672064694219
ordinary,0.13244346265511853,0.14373487032463206,0.33432933289667427,0.27951940052752666
ordinary,0.10973573721099739,0.13285413625665465,0.3238693679548564,0.249726215364053
ordinary,0.11636690158910515,0.13647662444710734,0.3337264948441655,0.25495165868831327
ordinary,0.1508968367779652,0.08254837228818909,0.3194244093984606,0.3193497250191823
ordinary,0.12217290662837382,0.1382051452515871,0.31297219492806916,0.2768857070325278
ordinary,0.12291224069461393,0.14221189298584996,0.32991991214789707,0.267408488232389
ordinary,0.1162352983179262,0.18685591535787982,0.336729785246377,0.24988917350557985
ordinary,0.12328518214658157,0.12481370429560497,0.3311628075258821,0.2681927984133194
ordinary,0.11340275742547432,0.15082449016140326,0.344093957855806,0.24361160837396184
ordinary,0.1419076556518467,0.08383842390257745,0.31306142623439037,0.31039429410745445
ordinary,0.12909758577499897,0.07696317802967301,0.3224208287029944,0.2847073478250823
ordinary,0.12339362304643679,0.1855333562099854,0.3115221565212919,0.2766539936648926
ordinary,0.131668555836419,0.1306730532913441,0.3341347991369999,0.2791906912896203
ordinary,0.1434001522623304,0.13876514425904063,0.3547698826653739,0.28388451172788415
ordinary,0.1136642214588243,0.17627913031830594,0.32536534304706327,0.2528881921559974
ordinary,0.14826957123166756,0.09092602553356471,0.3219346627286377,0.3135405457343331
ordinary,0.12375492754037548,0.1464393573533969,0.32786502246514804,0.26973321526895727
ordinary,0.1365478338778275,0.11479358002251414,0.32652632129326453,0.2921218968782842
ordinary,0.13293443935538798,0.08790934576905646,0.3185232549285578,0.29284684997485194
ordinary,0.15045460149891143,0.06209924631772193,0.31496458652219456,0.322422182715051
ordinary,0.12637621704367913,0.1323779217384441,0.322722473045916,0.2778385166954411
ordinary,0.11983999674478818,0.14122932910622304,0.3276908444843292,0.2638485809148817
ordinary,0.12317658719734695,0.14652553277125505,0.31259063141760646,0.2782861132295283
ordinary,0.12851662725585106,0.14229878651391212,0.33062216081042156,0.2758033841032343
ordinary,0.1280875366161452,0.12700049586572043,0.33755648390569604,0.27184546013581073
ordinary,0.14176210943515513,0.07224550890046806,0.32308938884121596,0.30385407187401087
ordinary,0.13468056950546095,0.0792166136206949,0.3204193294469649,0.29462634071005017
ordinary,0.1548734802021912,0.09688687370196084,0.3264432335784494,0.31971563254500734
ordinary,0.12558816937103168,0.1607397216021756,0.33627258152336065,0.2667664078780869
ordinary,0.11531692024141729,0.11398080408212824,0.34157476503421746,0.24993496481415373
ordinary,0.15257460508670562,0.06524131623354187,0.33095912374715836,0.3146202521665777
ordinary,0.13047302900412272,0.11201563417945043,0.32676774883970683,0.28278068778693405
ordinary,0.12632384409518788,0.13733838850028596,0.321744663783027,0.27809084886458074
ordinary,0.11907447276239178,0.19488189740446737,0.32919966364832787,0.25814463315067726
ordinary,0.1176411728984008,0.09744263477239637,0.3222865519162437,0.2655453897478492
ordinary,0.11988983315259617,0.20400691931542697,0.3328419686852879,0.2566212830702107
ordinary,0.13162294537660657,0.07992659752815187,0.32200236016429384,0.28883964468995504
ordinary,0.1083231320261388,0.17300981601360088,0.32443832544834794,0.2446474775793613
ordinary,0.12162573248628435,0.1525214469154989,0.34800297238315114,0.2544913102363256
ordinary,0.1398348659814725,0.10670346261340424,0.29766670683491325,0.3171363992077619
ordinary,0.14255942887081108,0.12595937907577837,0.32297578292705736,0.30283978152711905
ordinary,0.10339382998288088,0.1598476635917874,0.3205038954452198,0.23917051426848251
ordinary,0.12645023717538534,0.09959601199049889,0.3172356016726422,0.28297244157505475
ordinary,0.13576871483599023,0.16737439420892616,0.33197775094776405,0.2844428305766398
ordinary,0.14033252060529305,0.08965545398839667,0.3276083381283831,0.2982019735801116
ordinary,0.13244589851115707,0.13033025894596317,0.33728906688049964,0.2785032847516388
ordinary,0.10133698961127263,0.1994873605195942,0.33709266807927846,0.22399850491771392
ordinary,0.12798564390181932,0.14175494180395548,0.3273543478079771,0.27699349056593986
ordinary,0.11851304994259035,0.1394253999908765,0.33758561364844686,0.2560831749082695
ordinary,0.1344090886465098,0.1021499850502558,0.32457649892057305,0.29067198243471437
ordinary,0.1296244326535611,0.0882399731834562,0.3336154530260217,0.2782488678083372
ordinary,0.12483145623711367,0.18220171129866608,0.34880585857967306,0.25705880627927785
ordinary,0.12460602787060285,0.15339520026886616,0.3360840264987431,0.2658042463958483
ordinary,0.1443395007897945,0.13374059574905342,0.3305687487114024,0.30012663116968424
ordinary,0.11269429908935624,0.15954770550567626,0.33995475272158093,0.24417609381145147
ordinary,0.11611056706562188,0.13493578597729772,0.32886370592640735,0.2574096118559776
ordinary,0.12697115419751098,0.15519667216360633,0.31353530801699225,0.2832630615995572
ordinary,0.13957832906503703,0.13954043084945902,0.3348809149114076,0.290117665214895
ordinary,0.1253840931918687,0.14996583164327765,0.3330702569867421,0.26899683415579123
ordinary,0.11553487193568163,0.17151113002803756,0.3309642893460898,0.25307186554191713
ordinary,0.13685306459554258,0.09975151429057835,0.33133318610789475,0.29024038581245803
